65.0,0.0,0.0
1.0,0.2466576378521387,2.7153034139919125e-6
2.0,0.24671691583896854,4.948251932790225e-5
3.0,0.24756630569267274,2.1016054711268695e-5
4.0,0.2475183510289605,7.623902467085893e-6
5.0,0.2470361396823662,2.0400193506110754e-5
6.0,0.24673614998462318,4.4764414201272456e-5
7.0,0.24679459665476086,3.747353279506617e-5
8.0,0.24699844596201548,2.1538829647327576e-5
9.0,0.24684914044449519,3.150370221842931e-5
10.0,0.24658830681465993,4.742737660029965e-5
11.0,0.246452193548808,5.344787378535094e-5
12.0,0.24644728326946908,6.076841643294476e-5
13.0,0.24666262892688393,5.847715062212719e-5
14.0,0.24638876446614297,6.095341497548169e-5
15.0,0.24626504844744654,8.623032220021801e-5
16.0,0.24623439304170794,0.0001012448053366055
17.0,0.2462754599387218,0.00010390393150824627
18.0,0.24623573813960828,9.475990117628991e-5
19.0,0.24616203129943,0.00013722975649392522
20.0,0.24601819083605464,0.00016748823583506497
21.0,0.24597026154662993,0.00016931411023558845
22.0,0.24602119088012728,0.00015869205346085615
23.0,0.24604584734776352,0.00020254706689161727
24.0,0.24583315035785377,0.00024431386221249684
25.0,0.24567447453197028,0.00024330957135316444
26.0,0.24579995937464882,0.0002587670094407485
27.0,0.24581671707963101,0.0002853647297114096
28.0,0.2456588283064511,0.00032027641009593495
29.0,0.24555906288494048,0.0003528415841073189
30.0,0.24544875545080339,0.0003695384769056906
31.0,0.24549078108323047,0.0004139228411232469
32.0,0.24548030219664335,0.000473887282810372
33.0,0.24530102765005976,0.00046981680949591617
34.0,0.24519068419760995,0.0005127348256383151
35.0,0.24517541975387042,0.0005833898189820047
36.0,0.24516504736344527,0.0006170618167456532
37.0,0.24504946080551832,0.0006162864402199751
38.0,0.24497959915411735,0.000693027064019127
39.0,0.24484113898828186,0.0007493581763587296
40.0,0.24484611340414383,0.000757163116536834
41.0,0.24482742677721153,0.0008110829155678463
42.0,0.2447361370780704,0.0008988450798383726
43.0,0.24470124756635012,0.0009358931717998245
44.0,0.24451082276060193,0.0009465684433185771
45.0,0.24459517918699764,0.0010233185064869137
46.0,0.24458728574560612,0.001116909069725087
47.0,0.24452466700750541,0.0011555308209228008
48.0,0.24435236665081508,0.0011875252157670785
49.0,0.24443934358203911,0.001271976766314025
50.0,0.2444155415144886,0.0013144594461765623
51.0,0.24445488988988243,0.001422587571026263
52.0,0.24429924864819755,0.001437783586512064
53.0,0.24422226378229456,0.0014812963156108155
54.0,0.2442748300973238,0.0015274969331406955
55.0,0.24436296462138288,0.0016843581977330933
56.0,0.2441722943937031,0.00173886043720394
57.0,0.24411937543134693,0.001660023001769897
58.0,0.24414083568951334,0.0017953413904571733
59.0,0.2441774502935253,0.0019235559193766642
60.0,0.24409064996080976,0.0019428259153345176
61.0,0.2440887806511044,0.0019781511690351787
62.0,0.2439916315565115,0.002052561417312964
63.0,0.24397156361853645,0.002083922585495075
64.0,0.24403335764851108,0.0022334152056863584
65.0,0.24405583810878578,0.002270011672568535
66.0,0.24386727394818697,0.0022630437655877817
67.0,0.24382322193314862,0.0023402073475250256
68.0,0.2440072856685142,0.002460869742587525
69.0,0.24391494612983886,0.0024898129781575776
70.0,0.24374309103707448,0.002538331552970559
71.0,0.24377864007815767,0.0025234284041431073
72.0,0.2438678377007532,0.0027175014164941575
73.0,0.24377057363169716,0.0027750681704502293
74.0,0.24372928331955812,0.002722023116152658
75.0,0.24372199311303763,0.002868169262156376
76.0,0.24370304976532245,0.0028637803207447877
77.0,0.24372797831997925,0.0029818809974357717
78.0,0.24374300931360796,0.002963843727041919
79.0,0.2436847892225449,0.0030443320545868223
80.0,0.24367891741763212,0.0031035715008406596
81.0,0.2437038067832898,0.003132929525654838
82.0,0.24372629629757825,0.0031951415487846647
83.0,0.2437401416481379,0.0032780766465845585
84.0,0.24364733937594532,0.0033374667044461922
85.0,0.2437740908663337,0.003335723968511736
86.0,0.24372949335374275,0.003442353870839452
87.0,0.24373047404005024,0.0034158212613741926
88.0,0.2437338939136547,0.003579939203185034
89.0,0.24384739575219094,0.003557505813256052
90.0,0.24369963857067806,0.003574238595979474
91.0,0.2437688256829545,0.003680640283274668
92.0,0.24384157505404747,0.0037115264715675087
93.0,0.24380956085895703,0.003769957435321338
94.0,0.24373152573506568,0.003711682974311844
95.0,0.24384877978185682,0.0037890296899029557
96.0,0.2438265473148871,0.003978122356018312
97.0,0.2438100574079535,0.0038908311990470457
98.0,0.24381129723892447,0.0038389061952797607
99.0,0.24381504491112843,0.003984784783498037
100.0,0.24380988991627212,0.004032130756802683
101.0,0.24374417001705295,0.0040356272677827066
102.0,0.243881621942744,0.004054326514423962
103.0,0.243855798981825,0.004072400510714983
104.0,0.24366478260263813,0.004123146939377699
105.0,0.24383340494751538,0.0041776959144790874
106.0,0.24392794849758026,0.004157429029652131
107.0,0.24382365173880702,0.004190314758011763
108.0,0.24387782124362045,0.0042765822727861644
109.0,0.24384045024249043,0.004225412008961203
110.0,0.24390048336901327,0.004261847027259853
111.0,0.24393961218251736,0.004285111461737389
112.0,0.24389725819487357,0.004285683401847478
113.0,0.24386236937842698,0.0043190757346923125
114.0,0.24395348758279364,0.004329349915704189
115.0,0.24398667805883628,0.004334979083151923
116.0,0.24401323553351165,0.004325054020034737
117.0,0.24392342830523983,0.00434349894055502
118.0,0.24399830799978764,0.004375502930174801
119.0,0.24398842998924922,0.004373552646119112
120.0,0.24409783707566168,0.0043663029877276825
121.0,0.24405903914102933,0.00438264031785524
122.0,0.24400755897929843,0.004392043844633647
123.0,0.24412722737413686,0.004431560021746875
124.0,0.24406237917849494,0.00440157554826035
125.0,0.2441014157168407,0.0044226656975975085
126.0,0.24413007470089565,0.004416467393616367
127.0,0.24407578800323965,0.004397845045170705
128.0,0.24413027128606274,0.004327503676620163
129.0,0.24415089952492977,0.004476112421676937
130.0,0.2441432383577608,0.004372773979315126
131.0,0.2441040699546713,0.004338355950670801
132.0,0.24413337153149792,0.004349019395505926
133.0,0.24417874193867625,0.004354657234097463
134.0,0.24416949117531067,0.0043606273128689995
135.0,0.24414648088763594,0.004291477468639917
136.0,0.24420578597425846,0.00429593946597193
137.0,0.24420148659906651,0.004275055454629309
138.0,0.24421542663430343,0.004297970098510251
139.0,0.2442198803283681,0.00427427495933332
140.0,0.24427285504416818,0.004310330223982964
141.0,0.24419743089507198,0.004238521956885206
142.0,0.24428088295302253,0.004342174260484348
143.0,0.24435277655847876,0.004282210183658335
144.0,0.2442117655174496,0.004176639036196241
145.0,0.24429218510718215,0.004295510448923498
146.0,0.24433106375031666,0.004276624429953089
147.0,0.24432023833675107,0.004283103897637572
148.0,0.24431610143369245,0.0041493274063462105
149.0,0.2443195068991032,0.004162003879811365
150.0,0.24435135972875077,0.004192584097625079
151.0,0.24435182849796722,0.004185232725761028
152.0,0.24441576054500927,0.004106701381886503
153.0,0.2442548890247311,0.00407654432579276
154.0,0.24442876458649893,0.004025506561802274
155.0,0.24446385939811,0.004072075561545493
156.0,0.24432979030572197,0.004000477291778264
157.0,0.2443504420258071,0.004017935070397773
158.0,0.24451144505638672,0.003978360268864979
159.0,0.24439479682760804,0.003994974761890312
160.0,0.24445475679002376,0.00402732772869484
161.0,0.24444865331004015,0.003956128847949196
162.0,0.2444709689376995,0.004033965684143103
163.0,0.24454105261178885,0.003982767999546384
164.0,0.2445172086431931,0.003951147311765255
165.0,0.24449871121061958,0.003965585821898108
166.0,0.24450316158959662,0.003977497466305191
167.0,0.24454844962891092,0.003906246732785882
168.0,0.2445532510504597,0.003887518229177321
169.0,0.24456741197444534,0.003934900222714103
170.0,0.24451860055521157,0.003889915873249979
171.0,0.24454427712094567,0.0037462591181915902
172.0,0.2445642556129086,0.0037876854111546995
173.0,0.24462436847409655,0.003838481787476239
174.0,0.2445465078975087,0.003766378834677879
175.0,0.24449855887802374,0.003761325486281528
176.0,0.24453389296005934,0.003706234202249104
177.0,0.24462796224529698,0.0036394535482916373
178.0,0.2445665979002185,0.003747066217231015
179.0,0.24446887278780158,0.003772178047059268
180.0,0.2444781132322206,0.0036334300822623788
181.0,0.24456184564079564,0.0036415825083404804
182.0,0.24454410338553875,0.0037406276731897768
183.0,0.24449618398263243,0.003722186296815484
184.0,0.24441302551711028,0.00369852205739589
185.0,0.24445690800010292,0.0036361158998062227
186.0,0.24453201693720725,0.0037079018782089656
187.0,0.24447131518232743,0.0036899789571084958
188.0,0.2444262861971414,0.0036142388567366656
189.0,0.24439165427660084,0.0035975227234246164
190.0,0.24447015339560138,0.003626178141377254
191.0,0.24450823315192136,0.003566374948727514
192.0,0.24441719461715555,0.003579564214502631
193.0,0.24444072816987378,0.0035253091576167776
194.0,0.24441915402559317,0.003475602095726065
195.0,0.2444845110243262,0.0034704421309602264
196.0,0.24444299216722554,0.003528519544807367
197.0,0.2444661138038418,0.003477896492538977
198.0,0.24447543324270413,0.0034016154783743013
199.0,0.2443462315770416,0.0034308709594542564
200.0,0.2445633958081999,0.00345322422442291
201.0,0.24459670556601926,0.0034686331438538646
202.0,0.2443434119505671,0.0034251037038624944
203.0,0.24444385141071623,0.0033560663720118493
204.0,0.2446056000095067,0.003409288726289064
205.0,0.24450508461317505,0.0033301725408147725
206.0,0.24444575838044638,0.0034020963827338423
207.0,0.24443389849280248,0.0032616563693698536
208.0,0.24449866836330045,0.0032266231360564366
209.0,0.2445747265336233,0.0032674125194264866
210.0,0.24450859967769029,0.0032272360665673338
211.0,0.2444755271105693,0.0031461509542806223
212.0,0.24442584029929498,0.0031893614677570977
213.0,0.24463118999500394,0.003089100187937521
214.0,0.2445830073705668,0.0030996106271233607
215.0,0.244534291912009,0.003029475062843531
216.0,0.2445056115882702,0.0030649322081395176
217.0,0.24461587777386679,0.0030133430995391767
218.0,0.24461687459158052,0.0029356161815111003
219.0,0.24460328092762454,0.002996841091140731
220.0,0.24456594821910488,0.0029796458802457348
221.0,0.24454071348804018,0.002838699848721025
222.0,0.24463563854326018,0.002824731052742681
223.0,0.24464092970655088,0.002859595780380993
224.0,0.24467407341619915,0.002849667292734355
225.0,0.2445300710807745,0.002710764118982351
226.0,0.24459395933299577,0.0026695753284042526
227.0,0.24470248008793694,0.002718775967256976
228.0,0.2446742082639099,0.002615023566940186
229.0,0.2445897810732858,0.0026275247108438937
230.0,0.24456454856796817,0.0025277594803261596
231.0,0.2446357949322521,0.0025104837311453877
232.0,0.24466016674782895,0.002460874561173572
233.0,0.24467652684061753,0.002473259665565042
234.0,0.24453586139357836,0.0023970705610015497
235.0,0.2446684003514766,0.0023270809742639747
236.0,0.244632553041567,0.002394215620447068
237.0,0.2446048712383387,0.002323442310355754
238.0,0.24466696812437275,0.0022170856487098945
239.0,0.24457979029334942,0.002304831828670148
240.0,0.24454431014449785,0.00225745811803566
241.0,0.2447329948460916,0.002169234719830712
242.0,0.24461785491897978,0.0021420135397682886
243.0,0.24458051485736573,0.0021127154578777997
244.0,0.24459626309880717,0.002161864674167089
245.0,0.24465220455737227,0.0021343933746249453
246.0,0.24463580243607203,0.0020043094506717
247.0,0.24460760574262314,0.0020205959800428204
248.0,0.2446174643948387,0.0020847515447745338
249.0,0.2445948793876055,0.00200722893005699
250.0,0.2446534572471474,0.0019304439998185025
251.0,0.2446204947421112,0.0019497053539663024
252.0,0.24466822253526432,0.0019507484460885476
253.0,0.2445510894299263,0.0019209364828276048
254.0,0.24462630886909253,0.001887990860691449
255.0,0.24466989817628076,0.0018776597334807048
256.0,0.24454193568562382,0.0018853039049512937
257.0,0.2445694490069173,0.0018826199063551295
258.0,0.24464409604461831,0.0018615917723773232
259.0,0.24454159038236675,0.0018332563910477535
260.0,0.24457965570071255,0.0018333645796886021
261.0,0.24461744950774222,0.001835459909382978
262.0,0.24453079805703065,0.001837507463217089
263.0,0.24458024121171384,0.0018319650648299126
264.0,0.24457610265379015,0.0017706222837752565
265.0,0.2445935873791543,0.0017513813348086892
266.0,0.2445872911221504,0.0018134666238660165
267.0,0.24456682715563693,0.0017870003908326297
268.0,0.24463790202973246,0.001760701526776027
269.0,0.2445829188068424,0.001701715781948851
270.0,0.24457019893869858,0.001746506989310588
271.0,0.24463719997373504,0.001782086346930696
272.0,0.24459558107469298,0.0017306135076431406
273.0,0.24452152715573783,0.0017554068462358997
274.0,0.24458658293031346,0.001718343770690264
275.0,0.24465601190889794,0.0017317596390215983
276.0,0.24452576007598908,0.001804617515977264
277.0,0.24450234543670643,0.0017653951643026725
278.0,0.24462730482133016,0.0017579153235823134
279.0,0.24461166634847975,0.0017844280840521966
280.0,0.24451453247253124,0.0017991903284574073
281.0,0.24454620283269438,0.0017871549249995288
282.0,0.244611221357772,0.0018187530673057744
283.0,0.24467450980736274,0.0017673998608812049
284.0,0.24454800215417502,0.001799125666940759
285.0,0.24460893829456848,0.0018136671069352364
286.0,0.24469263333094407,0.0018077441616897805
287.0,0.24468927846413463,0.0017887300863215284
288.0,0.24464434648303793,0.0017779233330815578
289.0,0.24465117434103462,0.0018040320632494546
290.0,0.24468741967068863,0.0018664362784370592
291.0,0.24470713215250406,0.0017968971699390006
292.0,0.2446711819521077,0.0017955968503812099
293.0,0.2447058657327668,0.001813537491998722
294.0,0.2446752410974288,0.0018768354153780985
295.0,0.2447012454375812,0.001946725404511577
296.0,0.2446709017867336,0.0018474429431755046
297.0,0.24465793979648,0.001862469378362469
298.0,0.2446422972642221,0.0019671890890833074
299.0,0.2446769971791366,0.002052998661723599
300.0,0.2446101828606014,0.0019679666929786547
301.0,0.2446108798922438,0.0019892626110149486
302.0,0.24460598396500985,0.0020497687422186203
303.0,0.24461391719311767,0.002133754363439811
304.0,0.24464298257231115,0.0021098430414225188
305.0,0.24453403951148375,0.0021225087283007
306.0,0.24463574396899226,0.002169260222954543
307.0,0.24456030213537736,0.0022188694266232246
308.0,0.24453953388282607,0.0022624501556899675
309.0,0.24461958664065422,0.002271078069237257
310.0,0.24458672430408346,0.002237628114579216
311.0,0.24457427926076603,0.0023108793027651663
312.0,0.24455177359637095,0.0024132163284336723
313.0,0.24452419570512407,0.002370775389952862
314.0,0.24462937305634477,0.0023433520231224956
315.0,0.24451803002677547,0.002421766418833691
316.0,0.2445526975114468,0.0025365126180079936
317.0,0.2444924197305556,0.00251311304753607
318.0,0.24465560488132862,0.0025402468780575393
319.0,0.24456030694215924,0.0025495277820562633
320.0,0.24449323722603905,0.0025929407761977287
321.0,0.2446157319678972,0.002652319332490611
322.0,0.2446392244056427,0.002688478828164205
323.0,0.24460205111295227,0.002701449598756785
324.0,0.24459063986710183,0.0026925053986236983
325.0,0.24458677521342362,0.0027456402305912004
326.0,0.2446149333123538,0.002801489243845852
327.0,0.24466810030821065,0.002806729761778722
328.0,0.2445873916613414,0.0026987826890353386
329.0,0.24462420870893575,0.0027849093751781593
330.0,0.24461482944215387,0.0028195882619832554
331.0,0.24468636986750258,0.0028144285105890484
332.0,0.24464484688485014,0.00274286917133685
333.0,0.24462443572100026,0.0027606029221301166
334.0,0.24462566060469618,0.002819631231951892
335.0,0.2447164080444862,0.002782863618278488
336.0,0.24463043727891745,0.0027703613451714763
337.0,0.24461458996999072,0.002744217784063523
338.0,0.24462250384974624,0.002729765832677463
339.0,0.24458819962857326,0.002721051575290112
340.0,0.24468466595666732,0.002803010680035151
341.0,0.2446287147513011,0.0027110584209030426
342.0,0.24449967477786666,0.002658494983676762
343.0,0.2446369571945561,0.0026359548895932682
344.0,0.24474903789809327,0.0027839971620190144
345.0,0.24459402998784266,0.0026500566749637503
346.0,0.24454650800894367,0.0025702118931110493
347.0,0.24468657196267396,0.0025938582445843485
348.0,0.24460349002562054,0.00255352237947895
349.0,0.2446299998883687,0.0025880953597581103
350.0,0.24465584324811507,0.0024619896046275094
351.0,0.24455419061062272,0.002441410175688159
352.0,0.2446435281254375,0.002464905276836794
353.0,0.24465172829268536,0.0024026484588384376
354.0,0.24464761686350306,0.0023438526644270208
355.0,0.24459766059389548,0.002271785474301589
356.0,0.2446420665915321,0.002256891375048397
357.0,0.24459381273092007,0.0021911148889692256
358.0,0.24472058277708733,0.0021620462270335768
359.0,0.2446860005471821,0.0021600920042950337
360.0,0.24464984407487597,0.002030516852274038
361.0,0.24467936819731956,0.001970375395267327
362.0,0.24475566961625073,0.001985162128854925
363.0,0.24478564857265506,0.001923727732779238
364.0,0.24469906153889365,0.0018523914310771715
365.0,0.24476243045270624,0.0017875365538130897
366.0,0.24481522070914205,0.0017577060734837828
367.0,0.24482256649402032,0.0017515824718069605
368.0,0.24486506706989355,0.0016307574067452066
369.0,0.24474581900198322,0.0015791409117734913
370.0,0.24488984022097288,0.0015747003238306316
371.0,0.24490517036735757,0.0014803413985477348
372.0,0.2449066250446621,0.0014356473895299085
373.0,0.24486909724729183,0.0013802892220071466
374.0,0.24490421097973142,0.0013430529646524727
375.0,0.24498927133983844,0.001302512307385388
376.0,0.24495507152591128,0.0012385236541605632
377.0,0.24489829010335193,0.0012001765789272792
378.0,0.2450360240447889,0.0011369766889736852
379.0,0.2449859424061203,0.001136436170345602
380.0,0.244968726343644,0.0010815140829457527
381.0,0.24500948123320665,0.001078999346880819
382.0,0.24507272235086086,0.0009790834168167174
383.0,0.24504677430950408,0.0009660852413651642
384.0,0.24502550061215558,0.0009875246636609695
385.0,0.24504739039975396,0.000935933279841422
386.0,0.24506666478005956,0.0008928726550990923
387.0,0.24520984493263007,0.0008652867486667888
388.0,0.24500806496393762,0.0008652588015331804
389.0,0.24502851775076734,0.0008290344784250834
390.0,0.24515735329160077,0.000812886469005754
391.0,0.24512802821056975,0.0008059154312970772
392.0,0.24512088944798804,0.0007689433120429871
393.0,0.24511647602335734,0.0007672015857585205
394.0,0.24512167120344294,0.000784214902021136
395.0,0.24518712246515315,0.0007575872673096735
396.0,0.245292839449216,0.0007353378073274454
397.0,0.24514609592541867,0.0007535029886683427
398.0,0.24511390927247045,0.0007580102140327798
399.0,0.24521312847787452,0.000752685711573026
400.0,0.24536877918836014,0.000779208895078031
401.0,0.2452351317480691,0.000748026292777934
402.0,0.24516404280032952,0.0007650615581936775
403.0,0.24522926830286715,0.0008138529435649525
404.0,0.24526161072257635,0.0008171766662704618
405.0,0.24533831544550225,0.0007789387895276575
406.0,0.24516499877866402,0.0008268629824553399
407.0,0.2451720579911633,0.0008755433292234367
408.0,0.245222818704706,0.0008727610598361787
409.0,0.2452623329396466,0.0008610808251142663
410.0,0.2451878468916902,0.000897680956753426
411.0,0.24516279578934908,0.0009429183252361084
412.0,0.24510467929571797,0.000972245217183018
413.0,0.24526079798528047,0.0009716773533132114
414.0,0.24522233352950523,0.0010021298152535461
415.0,0.24512314667392787,0.0010162809600253472
416.0,0.24525355827942702,0.0010851034389119693
417.0,0.24518598000482283,0.001129197451602042
418.0,0.24519533392329454,0.001092716774310311
419.0,0.24527969304869462,0.0011291039025865966
420.0,0.24515722914406637,0.00119422646435023
421.0,0.24510087163051777,0.0012505522777181807
422.0,0.24514290559022153,0.0012353008561976067
423.0,0.24520675882054968,0.0012222173465969884
424.0,0.24515961788780505,0.0012976842564044336
425.0,0.24502539318748312,0.0013599241214353288
426.0,0.24507230964167373,0.0013396864780839894
427.0,0.2451142495343502,0.0014002801734265033
428.0,0.2450809508303624,0.0013912036497130997
429.0,0.2449936082823885,0.001423988125834369
430.0,0.24498136933497403,0.0014958918595153294
431.0,0.24498283663751044,0.0015236533422544542
432.0,0.24499489552960843,0.0015123274904742469
433.0,0.2449811122515317,0.0015768568060323422
434.0,0.24484632380702434,0.0016469360761373986
435.0,0.2449034252354354,0.001706616830793192
436.0,0.2449007269936366,0.0016325495823516804
437.0,0.24484895453477395,0.0017623906993269912
438.0,0.2447497326137495,0.0018332058087298362
439.0,0.2447637641361838,0.0017704335255195082
440.0,0.24475378817185028,0.0019039145712174852
441.0,0.24475012617477943,0.001872801743002794
442.0,0.2446542854045076,0.0019449478915269374
443.0,0.24472370666085777,0.001987064434168172
444.0,0.2446013299062415,0.0019643244241866874
445.0,0.24466950589307135,0.002042236596778143
446.0,0.24467705206439483,0.0020614885253824548
447.0,0.24461737577540874,0.002081490281229814
448.0,0.24459005591372465,0.00210374101176245
449.0,0.2445931731689176,0.0021524503570921226
450.0,0.24461732714115142,0.00222047977256315
451.0,0.24461162001429698,0.0021674965484628993
452.0,0.24454720293593665,0.0021639438674651537
453.0,0.24448657999487247,0.002332300273104849
454.0,0.24454508855579,0.0022941247911968284
455.0,0.24455145994466976,0.0022571981004082015
456.0,0.24457630216640405,0.0023674419942794787
457.0,0.24435000600350804,0.0023790759407902656
458.0,0.2445264674417709,0.002417162386544816
459.0,0.24455883715768975,0.0023724824571043175
460.0,0.2444593805446504,0.0024822635084566034
461.0,0.24443951043125098,0.0025642783946130936
462.0,0.24442740585583866,0.0025327849333873784
463.0,0.24454654939658452,0.0024571292249782315
464.0,0.2445277947145496,0.0026219970482643947
465.0,0.24436499972032413,0.0026767929442445227
466.0,0.24444252056249102,0.0026358714171598554
467.0,0.2445152031135801,0.002683739661788459
468.0,0.24446215655623776,0.0026565314624228437
469.0,0.24440794481656045,0.0027597540785202247
470.0,0.24436257541146705,0.002805352924864028
471.0,0.24444699517911275,0.0028344262834114537
472.0,0.24440424862151086,0.0027868970113888118
473.0,0.24436161342308224,0.002848537843284998
474.0,0.2442835596773693,0.002973874198245925
475.0,0.2442881489416568,0.002955389537354664
476.0,0.24429434074175554,0.0029204790271739603
477.0,0.24430306220708792,0.003059249238290923
478.0,0.24416867266612477,0.0031385328331678844
479.0,0.2442217048664122,0.0030717516760820143
480.0,0.24423786831640784,0.003088815327827135
481.0,0.2442481372472522,0.003193052732136148
482.0,0.24414389564896236,0.0032136644519356584
483.0,0.24423359665484873,0.003240058532065722
484.0,0.24422132747791875,0.003264310255373413
485.0,0.24414989747535637,0.003224284005510032
486.0,0.24418104319051523,0.00335349953236163
487.0,0.24420775024434851,0.0033788309380537425
488.0,0.2441491056490452,0.0033936871022869097
489.0,0.24413052361057772,0.0034019636442873496
490.0,0.24416046980857564,0.0034764157340660285
491.0,0.24414776670237512,0.0035340875962340595
492.0,0.24417872816921324,0.0036114469567127207
493.0,0.24409218826053095,0.003580202502587691
494.0,0.24412637213461405,0.0036764575578602035
495.0,0.24416336293094987,0.003712817421087122
496.0,0.24420736242059238,0.003806152416298992
497.0,0.2440708242125735,0.003795228522175303
498.0,0.2441493207764297,0.0038483946037986593
499.0,0.2442440029071218,0.003946055842692589
500.0,0.24414420754320337,0.003990456683440667
501.0,0.24415046752330014,0.004016077913299862
502.0,0.24423334632600094,0.003993271693533958
503.0,0.24425047516329348,0.004109603317673
504.0,0.24413190461206205,0.004154477865150798
505.0,0.2442354617129548,0.004237446690579505
506.0,0.2442682920138817,0.004136625985319927
507.0,0.24416095443837915,0.004259922205372883
508.0,0.2442298075669718,0.004269775321656589
509.0,0.24419802040643634,0.004395077709615515
510.0,0.24425415623689958,0.004387496573759994
511.0,0.24422862411264606,0.004430775333657603
512.0,0.24424915766400215,0.004512217725377783
513.0,0.24418948412904556,0.004495944441762769
514.0,0.24424750937819562,0.004678593773587221
515.0,0.2443160819266693,0.004660775942176337
516.0,0.24418167090166715,0.004669767533583085
517.0,0.24411560272700555,0.004767706664449534
518.0,0.2442970864621623,0.004794597082431707
519.0,0.24423024587189723,0.004878209356775149
520.0,0.24408050444062343,0.004884171906310286
521.0,0.2442581085119397,0.004876236207549941
522.0,0.24421940538005096,0.004944079224677089
523.0,0.24421889205117206,0.005031113401788619
524.0,0.24415181512687542,0.005017065914713107
525.0,0.24418696542044166,0.00507072627777431
526.0,0.2442269693017567,0.005004898077295062
527.0,0.2442754776124443,0.00523337020318436
528.0,0.24410850440882528,0.00518637378812013
529.0,0.24411315345296444,0.005097271468441132
530.0,0.2442414170346309,0.005210318218022179
531.0,0.24417694022573652,0.005329662229083525
532.0,0.24413636329296337,0.005352256802443509
533.0,0.24405753274797434,0.005261202650626898
534.0,0.24417481732439153,0.005290520952634611
535.0,0.24410305696454457,0.005420158988107074
536.0,0.24411706544392964,0.0054099046436134725
537.0,0.24405036166872715,0.005343778210895078
538.0,0.2440627278645044,0.005377093189387725
539.0,0.24407813253687138,0.0054270602513885385
540.0,0.2440019925751506,0.0053608908035377165
541.0,0.24403109134687556,0.005401217250789887
542.0,0.24398067929745323,0.005360654691928747
543.0,0.24398431629433306,0.005368076322308621
544.0,0.24404147625798644,0.005374910119429798
545.0,0.24396287115109477,0.005356127391053496
546.0,0.24396004813948569,0.005279229743675018
547.0,0.24393533310938328,0.0053595610772766596
548.0,0.24396625647689252,0.005295949098016518
549.0,0.24392099626634084,0.005288477046887501
550.0,0.24393062347440594,0.0052845578436318775
551.0,0.24392545400772853,0.005230250362490634
552.0,0.24388083995878987,0.005264038370996292
553.0,0.24395224585905964,0.005226497316150252
554.0,0.24393157342886826,0.005188836605854757
555.0,0.2438491297311434,0.005127007019264804
556.0,0.2439392303725055,0.005155967226966353
557.0,0.2439581421764212,0.005077057306024348
558.0,0.2438917093617432,0.004988491013410109
559.0,0.2439676129559374,0.0050347250108007105
560.0,0.2439150289674973,0.004952803692737813
561.0,0.24391031813879213,0.004823300630478712
562.0,0.24390957774225788,0.004798800125487985
563.0,0.2439840451982767,0.004803050094463658
564.0,0.24397658494389038,0.004799740045434701
565.0,0.2438722964624028,0.004594070469862149
566.0,0.24388028274330373,0.004679729873658131
567.0,0.24402295965226206,0.0045938253494341675
568.0,0.24391788054054878,0.004530948840691416
569.0,0.2438233750703307,0.004515555377545437
570.0,0.24387705392339218,0.004504054437810406
571.0,0.2438763559012607,0.004435511373890162
572.0,0.2438740804776515,0.004371621181378895
573.0,0.24379916885740036,0.004319666619969566
574.0,0.24382365448373577,0.0043472992218043845
575.0,0.24385518124174194,0.004244736813279411
576.0,0.2438123053517489,0.004148863515678513
577.0,0.24375975763751706,0.0041513280644285885
578.0,0.2438366854532421,0.00412445172593275
579.0,0.24383380129291668,0.003975287416271612
580.0,0.2437471489346688,0.00389605983563795
581.0,0.24377323208448798,0.003980416542154289
582.0,0.2438217740240325,0.003897190092879606
583.0,0.24379500501080745,0.0037407225520047016
584.0,0.24369553491156432,0.0037418047299644505
585.0,0.24378018452461545,0.003710092376804517
586.0,0.24374751933516692,0.0036640623761846577
587.0,0.24377078784750492,0.0036411124449687977
588.0,0.24376672609395986,0.0034874946100725943
589.0,0.24368264726589692,0.003490676297215471
590.0,0.243726036308372,0.003439710098334321
591.0,0.2437392092452893,0.00340367966943146
592.0,0.24371367765505667,0.0033453747492344812
593.0,0.2436641543132058,0.0032487285218214573
594.0,0.24370132945256376,0.0032201284828638124
595.0,0.2437585927021252,0.003177010030647495
596.0,0.2436519801860333,0.0031350856234628913
597.0,0.2437161139847126,0.0030161611055414166
598.0,0.24369178383977572,0.002987005329176731
599.0,0.24369569442495373,0.0029772596319808066
600.0,0.24364736020925137,0.0028389317967102796
601.0,0.243780772593985,0.0027968080371686683
602.0,0.24369721830887212,0.002771304270142172
603.0,0.2436303440180466,0.0027158107500887506
604.0,0.2436851265443465,0.0026362865714683725
605.0,0.24375805945994097,0.0025947451084593286
606.0,0.24375981185832468,0.002538859983779265
607.0,0.24367364124144786,0.002489534619015474
608.0,0.24367252395745492,0.0024326975571602166
609.0,0.24379951444381237,0.002367343647878306
610.0,0.24388570757999659,0.0023518470771550443
611.0,0.24377041480850029,0.002284504746220975
612.0,0.24374657374076147,0.002202584061158177
613.0,0.2439221894427838,0.0021391175966502286
614.0,0.24398406598222278,0.0021346250941590185
615.0,0.24393986873200993,0.002047180217837012
616.0,0.2440059970289005,0.0019935310567185055
617.0,0.24400269107923175,0.001875415390874981
618.0,0.24415976763550853,0.0018730494483684909
619.0,0.24420122616260578,0.001818697210277569
620.0,0.2441212717280231,0.0017511847078896252
621.0,0.24425616949114567,0.0016950422343909085
622.0,0.24435946732081018,0.0016016311711498704
623.0,0.24434532274292328,0.0016091029539292469
624.0,0.24447750285828052,0.001554447395891121
625.0,0.24439442364420252,0.0014905353141091825
626.0,0.24452577569841732,0.0014468746280704905
627.0,0.2446116632091501,0.0014173093726672723
628.0,0.24462379487947408,0.001371797222678956
629.0,0.24470292706585564,0.0013534990189004127
630.0,0.2446658234833796,0.0013090088929495333
631.0,0.24471308832083385,0.0012757832494714838
632.0,0.2449070853411004,0.0012127203001799495
633.0,0.24488869594419851,0.001198306401970958
634.0,0.24480338445186423,0.0011336515760650395
635.0,0.2449198865819217,0.0011495992023296785
636.0,0.24495921005135707,0.0010879822603137835
637.0,0.24501549015116122,0.0010146625802425683
638.0,0.24499797878206706,0.0010076883029737681
639.0,0.24501585894171501,0.0009986762363895516
640.0,0.24504789935531388,0.0009496834289280768
641.0,0.2450898598352699,0.0008907123891080235
642.0,0.24520129223527645,0.0008720224944117111
643.0,0.24516637690192325,0.0008545936771538626
644.0,0.24513363315801182,0.000814899971688492
645.0,0.24523486303342554,0.0007875189233836008
646.0,0.24536840736931534,0.000733917839219215
647.0,0.2452861382343442,0.0007217317625547408
648.0,0.24522225243080567,0.0007126292868051709
649.0,0.24540847924047,0.0006920397171404976
650.0,0.2454385700130411,0.0006216140294624324
651.0,0.24545501950881302,0.0005774825962280007
652.0,0.24547704514915422,0.0006131358821988499
653.0,0.24547570606554744,0.0005967784646358902
654.0,0.2455228618411145,0.0004942443423774301
655.0,0.24560110498875592,0.0005108964730010475
656.0,0.24559918379034626,0.000511625396044421
657.0,0.24557625355103616,0.0004626896520270225
658.0,0.24552393702828457,0.0004475481730249267
659.0,0.2457705235906724,0.00042493727999814084
660.0,0.2457275586029485,0.0003796116998573336
661.0,0.24552573517812976,0.00040291788849690965
662.0,0.24573693609733763,0.00037574890443438705
663.0,0.24577027178670308,0.0003542114080210102
664.0,0.2457144965905635,0.0003171570610803359
665.0,0.2457473347265209,0.00036238419557361356
666.0,0.24573773631966941,0.00032217226156368577
667.0,0.24585602488014185,0.0002890815914561415
668.0,0.24577161099980369,0.00031022860926688733
669.0,0.24578883528645587,0.00028878298687980695
670.0,0.24586667238787133,0.0002854490753566903
671.0,0.2458071664832408,0.00026747353304240726
672.0,0.2458580255407422,0.00025684988054789634
673.0,0.24589242884360754,0.00026412699381856927
674.0,0.24589543353198567,0.0002664821942025904
675.0,0.24585529744711773,0.000244182406942395
676.0,0.2458575048225799,0.00024138888977789824
677.0,0.24589689609629747,0.00024349240533153802
678.0,0.24596404638400185,0.0002518203463721804
679.0,0.2458691143489841,0.00023549512355228988
680.0,0.24584066919708336,0.0002240045116627886
681.0,0.24595203654238879,0.00024372364199732477
682.0,0.24594465153124245,0.0002549757761138943
683.0,0.24583011578052655,0.0002579293234858941
684.0,0.24596588004970055,0.0002587604150375197
685.0,0.24596994085862406,0.00024460084577121124
686.0,0.24584518423252125,0.00027710304698487254
687.0,0.2459650940131272,0.0003123896718196355
688.0,0.24594326322866075,0.0002665155652469774
689.0,0.24588372430459723,0.00028911699516039296
690.0,0.2458484671575014,0.0003428345177478415
691.0,0.24587942441542107,0.00032827432501281926
692.0,0.24592065140223593,0.000332171476992489
693.0,0.24582310687289943,0.00035296571255769433
694.0,0.24576940806170564,0.0003964511059355758
695.0,0.24586766046165756,0.0003873790268428883
696.0,0.24578311656957236,0.0003973001914585332
697.0,0.24576673506064564,0.000433179422956401
698.0,0.24570601510586054,0.0004466829322485147
699.0,0.2457506906336657,0.00047580736776919907
700.0,0.24572835346287997,0.000502105565056582
701.0,0.24568434676193174,0.0005264203768155943
702.0,0.24567773982096403,0.0005197305512846742
703.0,0.24563069847470864,0.0005605606386258556
704.0,0.24558496006557898,0.000601525618608408
705.0,0.2455668072198448,0.0006509257415757577
706.0,0.2456119024496905,0.0006205445640579325
707.0,0.2454867062158928,0.0006643147286209832
708.0,0.2454291759332074,0.0007719188284131244
709.0,0.24541832368114821,0.0007640663662116898
710.0,0.2454324557847746,0.000763494661632911
711.0,0.24539926141784998,0.0008183151697922332
712.0,0.24522870354008283,0.0009340226141265597
713.0,0.24519992508456293,0.0009280703786244262
714.0,0.24531399342697977,0.0009020818671604989
715.0,0.2452198333121545,0.0009730612563218419
716.0,0.24507626802077928,0.0010790953084331976
717.0,0.24508302490630154,0.0010885015363946776
718.0,0.24510889442597628,0.0011175628962274396
719.0,0.2450979935346113,0.001144706764742744
720.0,0.24492776624808857,0.001234306027218214
721.0,0.2449145597637694,0.0012697107253368796
722.0,0.24497726433098843,0.0013829804166726732
723.0,0.2448655611888545,0.0013313112261942783
724.0,0.24477344959937053,0.0014266242817712995
725.0,0.244841335285764,0.001530308924174837
726.0,0.2447427062420476,0.001559528639130454
727.0,0.24469128327044243,0.0016519473675827244
728.0,0.24477148761303932,0.001637603445471587
729.0,0.24462571498974214,0.0017678784935796338
730.0,0.24459628676859035,0.0018096534854710594
731.0,0.2445257546048225,0.001853353445771169
732.0,0.24458870208830355,0.0019224979879238408
733.0,0.24451529429796598,0.001938039619421777
734.0,0.24444243485444558,0.0020106301286989133
735.0,0.2444443189512944,0.0021313627935392308
736.0,0.24440929852828644,0.0021228066145314206
737.0,0.24438227805060272,0.0021581950972255543
738.0,0.2443848446592561,0.0022630003350114403
739.0,0.24429254642285048,0.002325234947051136
740.0,0.2443578550820016,0.0023968275579822674
741.0,0.24423211038619516,0.002428215288600757
742.0,0.24418908630856104,0.002510255478584849
743.0,0.24420328657031132,0.0025157758308112332
744.0,0.24426067038289545,0.002596389281160087
745.0,0.24404866058426217,0.002744283330934296
746.0,0.24400619115309832,0.0027578259534860932
747.0,0.2440737948771902,0.002699312052244139
748.0,0.24407529945586343,0.0028511687052356917
749.0,0.24395383012685326,0.0029378389887209423
750.0,0.24391118686371122,0.002976342850817873
751.0,0.24389567694709358,0.002915952659327361
752.0,0.24398183645561738,0.0030420560233785764
753.0,0.24392170749047443,0.0031696316277130794
754.0,0.2438102659236165,0.0031533558313318853
755.0,0.24385473617832304,0.0031342062241193165
756.0,0.24388441935926528,0.0031536805356192493
757.0,0.24380605982184578,0.0033434563798853956
758.0,0.24379106994892036,0.003350742909592772
759.0,0.24373995783296318,0.00329495516248164
760.0,0.24384137458825628,0.00336571377446446
761.0,0.243778838664951,0.0034311970215864067
762.0,0.24369826211947326,0.0034601871439244075
763.0,0.24372023397633366,0.0035327896350566346
764.0,0.2436998373996601,0.0035038131294666598
765.0,0.24370366919730005,0.0035179981086745997
766.0,0.2436645995226046,0.003590599015023228
767.0,0.24363816736053345,0.00364317642596409
768.0,0.24364579395516717,0.0036720128291048942
769.0,0.24359314393613102,0.0035895158670543837
770.0,0.24360965013095057,0.003697411302679715
771.0,0.24362397900140875,0.0037575568209505324
772.0,0.24356336665573808,0.0037183959099447196
773.0,0.24357818783796095,0.0036733966771946226
774.0,0.24355188993000956,0.0037043483115578387
775.0,0.24355845617892252,0.0038604758102721067
776.0,0.24361215519872792,0.003706243011450877
777.0,0.24357230827427687,0.0036799906970477235
778.0,0.24356065698066767,0.0037226292437635257
779.0,0.24363865088935371,0.0038178180328039993
780.0,0.24361539508293267,0.0036984802521354025
781.0,0.24363706274339128,0.003669179044119086
782.0,0.24359838284997845,0.003732136619027285
783.0,0.24363627055354511,0.0037113364185484246
784.0,0.24367142332863673,0.0036749843398762
785.0,0.24370377891913755,0.003680751091715961
786.0,0.24365832241441726,0.003706158942416571
787.0,0.24375079800814103,0.0036229976386239096
788.0,0.24372173527707874,0.0036174770127394415
789.0,0.24370401980857062,0.0037218126898714613
790.0,0.24373317545113748,0.003610531468825269
791.0,0.24376231604196813,0.0035843106381112755
792.0,0.2438284796527438,0.0036597100920994397
793.0,0.24376853260723613,0.003602382472328824
794.0,0.24382917393632628,0.003562865124452435
795.0,0.24385764362400184,0.0035366416400680976
796.0,0.24389526845408888,0.003568020705656262
797.0,0.24389713445515993,0.003542977176733371
798.0,0.24399200131495902,0.003458302094924369
799.0,0.24399595233569962,0.0035579353511455453
800.0,0.24391237410716718,0.0034514616024476346
801.0,0.2440499710757189,0.0033674806232627886
802.0,0.24413056231041422,0.0034635660770220215
803.0,0.2440524293272281,0.00343707060566629
804.0,0.24401520141624142,0.0033594894460714985
805.0,0.24419879476374406,0.0033291216627794654
806.0,0.24414680619378476,0.0033769486166062455
807.0,0.24413987876045723,0.003379664771181155
808.0,0.24413855583115937,0.003288095041130931
809.0,0.24412991779490412,0.0032932745803435893
810.0,0.24419260445692273,0.0032644770946455184
811.0,0.24426322094210018,0.003334792481467704
812.0,0.2441847807777848,0.0032466293008606736
813.0,0.2441523802959345,0.003239117600380184
814.0,0.24434139309245015,0.0032288150316927963
815.0,0.24431619440332836,0.003204825025752774
816.0,0.2442950980765577,0.0032280521726606986
817.0,0.24421038668717876,0.003146619698339824
818.0,0.24434495688046942,0.003135594465044486
819.0,0.2444208368271435,0.0031610455611146525
820.0,0.24438552223825127,0.003120498950261288
821.0,0.244315399623178,0.0030365684913175282
822.0,0.24436538142944386,0.003112070357161857
823.0,0.2445287782250202,0.0030841176849361377
824.0,0.24433304124449057,0.003083069792117323
825.0,0.24444138570473675,0.003015183849103019
826.0,0.24442188644955876,0.003039214189636392
827.0,0.24444942211554535,0.0031220790260853997
828.0,0.2445285864511754,0.00304027891429935
829.0,0.2445068930353207,0.0030481482081338475
830.0,0.24451481919755388,0.0030833703126985695
831.0,0.24456068340797474,0.0030756845755778575
832.0,0.24451343049743968,0.0030824127782754615
833.0,0.24466414534211461,0.003060824510403875
834.0,0.24458852729193187,0.0030996284309948788
835.0,0.2446180417226878,0.0031300045001525344
836.0,0.24462300638115758,0.003117873177379227
837.0,0.24473668760040565,0.0030510373889971127
838.0,0.2446888061347961,0.0031061382240852656
839.0,0.24466514023694422,0.003126162355613063
840.0,0.24468113079996956,0.0031916709920306384
841.0,0.2447706536057174,0.0030871629745337385
842.0,0.24479379901254825,0.0031331849070071133
843.0,0.24477186781762975,0.0032044805751846937
844.0,0.24468540887521315,0.0032206546043059936
845.0,0.24478135125769465,0.003207944957573542
846.0,0.24489200273512807,0.0032615343373395716
847.0,0.24474946018282573,0.0032856578083786813
848.0,0.244714562892432,0.003301173367103595
849.0,0.24484901331425882,0.003396618879707613
850.0,0.24489288554794497,0.003353280891308722
851.0,0.24476864216390057,0.003410649136981078
852.0,0.24477798865888048,0.003479726498211467
853.0,0.2448189130094673,0.0035327692646488448
854.0,0.2448796508515414,0.003425800900715343
855.0,0.2448427616847989,0.0034495120335209153
856.0,0.24479872865878294,0.0036285319771847753
857.0,0.2447708394029253,0.0035526700406069514
858.0,0.244830176180041,0.0035265612192501047
859.0,0.2449340138197543,0.0034569661380221216
860.0,0.2447607535221165,0.0036281866697004082
861.0,0.24470278142317664,0.003660531984569335
862.0,0.24484288872731702,0.003630693991313877
863.0,0.24483909967374637,0.003620688245208972
864.0,0.24480813975534774,0.0036710945142560563
865.0,0.24467459503457598,0.0036639099923851505
866.0,0.2447506811458757,0.0038130608765124707
867.0,0.24476610072177207,0.003665750589445373
868.0,0.244739071715014,0.00376643416084312
869.0,0.24465630006152814,0.0037687784477854354
870.0,0.24468677023729354,0.003833805769957467
871.0,0.24469639346897482,0.0037926104089622977
872.0,0.24459597089259397,0.0036683399252916108
873.0,0.24475614383518787,0.003806468883396094
874.0,0.24457703962822083,0.0038076239564825616
875.0,0.24462350266843177,0.0036963493458389597
876.0,0.24468885286838837,0.003774845819492282
877.0,0.24458704382002427,0.0036507654939526945
878.0,0.24458649422526796,0.0037237006925612375
879.0,0.2445820197335099,0.0037734542910301486
880.0,0.24456994592210138,0.003659661640409484
881.0,0.24462766931730182,0.0036148495873258766
882.0,0.24459519434933705,0.0036288916023827418
883.0,0.2445073304057216,0.0037498223861810002
884.0,0.24456840933760993,0.003611804129563353
885.0,0.24461798159798387,0.0036077582840615893
886.0,0.24457203819715517,0.003623472698811303
887.0,0.24449917682252192,0.0035657486208336836
888.0,0.24457766477883278,0.0036140088692309183
889.0,0.2445628088205229,0.0036013527144790106
890.0,0.24446427916309818,0.003531929734205463
891.0,0.24455681722219752,0.0035463316183061574
892.0,0.244538808235133,0.0034282756939976425
893.0,0.24447909243228008,0.0035168652962158575
894.0,0.24448285819273935,0.0034554466363279582
895.0,0.24448591910090062,0.0033391964278949074
896.0,0.24451560437180972,0.0033899017832531696
897.0,0.24451156224174903,0.0033915688343354564
898.0,0.24444540080283528,0.003285929816837969
899.0,0.2444949649632214,0.003261541446422463
900.0,0.24449118491757782,0.0032346484322118936
901.0,0.24447949845047756,0.003326602504570679
902.0,0.24448984946679927,0.0032030573330658354
903.0,0.24445180396860564,0.003166983401709154
904.0,0.24447057964007618,0.0031832574978237858
905.0,0.24442774840930856,0.0032371546872885606
906.0,0.24447741396315936,0.0032209742333875946
907.0,0.244449206220256,0.0031119895277511383
908.0,0.24438601675526675,0.0030715118194317337
909.0,0.24436854477159403,0.003145700699536133
910.0,0.24451870318907967,0.003200871310805737
911.0,0.244414507986419,0.0030248691377442773
912.0,0.24428825378590924,0.002963254728579944
913.0,0.2444060449351079,0.003096181452850193
914.0,0.24448890708576002,0.003077121967127559
915.0,0.24438549482297858,0.002952771734322965
916.0,0.24429230068960917,0.002935337971716907
917.0,0.24438695070016597,0.0029725785859822515
918.0,0.24442546490532246,0.003011655111161764
919.0,0.24438820406063225,0.0029567697169246535
920.0,0.24427375884554361,0.0028595875799594414
921.0,0.24432331826969847,0.002869117155979414
922.0,0.24439563186197374,0.0030000353103730834
923.0,0.244264598721011,0.0029402302507773813
924.0,0.24425039094095075,0.0028017795351294693
925.0,0.24429109977124994,0.0028736627522504663
926.0,0.2443000127620571,0.002906540072715126
927.0,0.2442813282642419,0.0029308020313224365
928.0,0.24428150225942724,0.0028225835415228383
929.0,0.24417917082055057,0.002859699418156599
930.0,0.24428534773078686,0.002886726087745883
931.0,0.24434258110189516,0.0028525551550654836
932.0,0.24411731870774242,0.0028595537960126754
933.0,0.24411321761562058,0.0028936227579949617
934.0,0.2442490936600164,0.002856490941252423
935.0,0.24410831859998686,0.0028603418626741263
936.0,0.24418152294902598,0.002848757943662739
937.0,0.24408799773113685,0.002873271120317599
938.0,0.24405381307895774,0.0028960026073752664
939.0,0.2441593045654374,0.0028148516677142755
940.0,0.24410492647577897,0.0029005570768064234
941.0,0.24397826362536884,0.002894097821076025
942.0,0.2439763468518102,0.00286900598585465
943.0,0.24408828730265056,0.0028733361015261883
944.0,0.24401468124035186,0.002898769646917587
945.0,0.24396614660551497,0.0028853613872389353
946.0,0.24391174360580126,0.002940979091027143
947.0,0.24401629332282243,0.002885864337436249
948.0,0.2440520799875242,0.0029081077624854464
949.0,0.24393801872204182,0.002950391286998318
950.0,0.24391080537771515,0.002991406597971057
951.0,0.24392241558302355,0.0029350225822716972
952.0,0.24395203129131607,0.002943232901343028
953.0,0.2440049841240169,0.0030278826805543125
954.0,0.24386783982414773,0.0029635337707141487
955.0,0.24393556386156673,0.0031178436882754006
956.0,0.24396530614373485,0.0030273959745391876
957.0,0.24396326178837874,0.003014154582974841
958.0,0.24391920683831567,0.003103108960173286
959.0,0.24386713453760941,0.003091872644635286
960.0,0.2440000013873448,0.003108941495299017
961.0,0.24395913791312432,0.003088851216906256
962.0,0.24390423402577568,0.0030897775734741685
963.0,0.24387772640378047,0.003181091731025012
964.0,0.2438826013290332,0.0031168234539948507
965.0,0.2439249003470636,0.003126145182690654
966.0,0.24388563346047357,0.0031484931588541456
967.0,0.24379616093591364,0.0031160371921466405
968.0,0.24390892731529146,0.003223046391324053
969.0,0.24389588004096283,0.0032101886680708054
970.0,0.24386298957538793,0.003139011944954057
971.0,0.2438393337286646,0.0031798899108925523
972.0,0.24379079926054067,0.0032571624059569686
973.0,0.24389737349385884,0.0032550338177464895
974.0,0.24386714344807056,0.0032241834372076696
975.0,0.24384622988088245,0.003207532784132264
976.0,0.24381370042168238,0.0032777636649030423
977.0,0.24389720882140947,0.0033282052740485346
978.0,0.24396395290314016,0.0032470274061567744
979.0,0.24386799692976566,0.0032247408101656726
980.0,0.24387131806433046,0.0033188161901428434
981.0,0.24402564141848884,0.0032644087319452825
982.0,0.2440180428174786,0.0032536653369524132
983.0,0.24404925789978119,0.0033171115048544336
984.0,0.24399611375587338,0.0031585006483712016
985.0,0.24405533268624416,0.0031989330151511847
986.0,0.24412982157397106,0.0032567236935387186
987.0,0.24417391498253407,0.0032404293189204833
988.0,0.2440122407447643,0.003149235638064036
989.0,0.24413544820812247,0.003104015268001592
990.0,0.24419770163599325,0.003216736528204262
991.0,0.24417549121261278,0.003187900142022563
992.0,0.24413085664925094,0.0031256605370063423
993.0,0.2441787645723884,0.0030682209941407944
994.0,0.24425237487450718,0.0030989032867386915
995.0,0.2441838159397803,0.00314048357358429
996.0,0.2442011750969553,0.0031182346870124015
997.0,0.24420557109790644,0.003011087950857204
998.0,0.2442896465974697,0.0030008836379775564
999.0,0.24425637796774072,0.0030303357067187914
1000.0,0.2441970758071584,0.003039903538446309
