400.0,0.0,0.0
0.5,0.1478534656648875,5.838228383663407e-5
1.0,0.2519292760211909,0.14017685719763012
1.5,0.26457014537727713,1.421359592048498
2.0,0.2524652990124939,1.6534610569376436
2.5,0.2101400182561236,1.5661874213335927
3.0,0.18514440630300677,0.7351562353041144
3.5,0.17752775502853657,0.2857838228873569
4.0,0.17300964202377886,0.4606667582001901
4.5,0.20165414369540835,0.4824414714484211
5.0,0.21720982959413834,0.7631592306916662
5.5,0.22579653605487987,1.1285637023686732
6.0,0.23540334066217006,1.2319558753929432
6.5,0.22257892413774003,1.5530520753635924
7.0,0.21827250006000176,1.2502379939367938
7.5,0.2148930022180212,0.8574240991166784
8.0,0.2010732964344508,0.8373555350003979
8.5,0.2100076093294137,0.6218386281152745
9.0,0.2099339565167055,0.8689569783694152
9.5,0.2132484859006371,1.1269655764222049
10.0,0.22879695676315823,1.0525896113077842
10.5,0.2257334095731268,1.5404180880648117
11.0,0.2313819945623051,1.518399558171696
11.5,0.23324541306702656,1.3438706026416476
12.0,0.2207349097320512,1.381904520597685
12.5,0.22325817045236887,0.9701821786968887
13.0,0.21449384054128157,1.0517930650535172
13.5,0.20902939280651395,1.213090810068749
14.0,0.22501515236370728,1.1729808500558703
14.5,0.22646279342709785,1.5631934385143904
15.0,0.23683088310109068,1.5438303931767416
15.5,0.24124323148453097,1.567151267654714
16.0,0.2292721809148843,1.876681009898832
16.5,0.23363583652439715,1.5988784183061011
17.0,0.22728152327700474,1.6562492375573952
17.5,0.22272639910341357,1.7064613780038922
18.0,0.22984340090195418,1.5372259042845957
18.5,0.22237275642832424,1.7509362646239637
19.0,0.232493598667634,1.6559350310438974
19.5,0.24227142083621261,1.8407710222025366
20.0,0.23807474248909397,2.461685763955985
20.5,0.2445331498528523,2.3829899666849266
21.0,0.2380524390986687,2.3113404426205806
21.5,0.2313761320057594,2.2229061640589247
22.0,0.23929546787629666,1.9109559550119097
22.5,0.23022611779033664,2.1331409971330118
23.0,0.23147743686370714,2.3320338723827643
23.5,0.23801422139813985,2.4921478103119585
24.0,0.2362768601235868,2.84003764965823
24.5,0.25226582741155135,2.7453229434392648
25.0,0.2501844363963035,2.870752702000159
25.5,0.24030146733255373,2.973745889977033
26.0,0.2442681611204581,2.646250367539882
26.5,0.23309365244967684,2.8503251302240145
27.0,0.23863252144731076,3.0357851938837808
27.5,0.2445184774824938,3.0647407415072614
28.0,0.23774153724794098,3.4226660721267312
28.5,0.24920550886322518,3.194666727046686
29.0,0.24812906474031166,3.3098657445956197
29.5,0.24607100384816727,3.5655082293751184
30.0,0.25426021472526644,3.583380780383015
30.5,0.2446506044480925,3.860326173974258
31.0,0.24639252110230112,3.529854693568809
31.5,0.24754074420795916,3.482305365615223
32.0,0.2374118617920308,3.9855085665694276
32.5,0.2511095448819392,3.8992234710931144
33.0,0.25113737089369276,4.071439185228777
33.5,0.2465115470528539,4.228321986476156
34.0,0.25736401683126053,4.060542574477764
34.5,0.25098139112431544,4.4433672840639185
35.0,0.2523225829540916,4.616511794266132
35.5,0.25408280177191633,4.4983962041755445
36.0,0.24456471297535748,4.669319511606632
36.5,0.2535602711537555,4.566144466916484
37.0,0.2509594346450359,4.707499064111785
37.5,0.24840173256266918,4.753589177676279
38.0,0.25791636352925834,4.697379292456666
38.5,0.2508219828924837,5.160184616864956
39.0,0.25849322698697214,5.44764286444636
39.5,0.2638592991069606,5.366097824876089
40.0,0.25412479328576904,5.3634934760985535
40.5,0.2581794596675132,5.097439459923424
41.0,0.25148911307384775,5.276264051066222
41.5,0.24712902236973336,5.726038479755253
42.0,0.26011741357267854,5.532347986604036
42.5,0.2566799591786221,5.810744930552099
43.0,0.26303681073508356,5.852725710254578
43.5,0.2660437389997658,6.021831420776048
44.0,0.2546308503668933,6.464487804819777
44.5,0.26222043572955506,6.019672911374835
45.0,0.25843463153172497,6.020894129744096
45.5,0.25345468192666815,6.25890685222412
46.0,0.2624139350508032,6.153936052229305
46.5,0.25598647999980484,6.591026355044606
47.0,0.2618252501634117,6.865377074198164
47.5,0.26602769735441417,6.77256062579851
48.0,0.2572679197136625,6.893353032585157
48.5,0.2655262863997294,6.726583850520453
49.0,0.2623850811191948,6.949424568621699
49.5,0.25848509248479645,7.183160708509501
50.0,0.2645077215023697,7.205311061129227
50.5,0.254920060244839,7.670058335547457
51.0,0.26160879730990627,7.373999113732708
51.5,0.2661297972649554,7.259763562637592
52.0,0.25729200240582795,7.57266568755662
52.5,0.26736204659952767,7.631593142566527
53.0,0.2644158977444358,7.8781086859969465
53.5,0.2593277216903145,8.013596689370631
54.0,0.2669797502052978,7.970103895538489
54.5,0.25910461532091483,8.388085136143426
55.0,0.26433524640222456,8.120528150858528
55.5,0.2673183955978656,8.118978650636587
56.0,0.2571747918260107,8.571440711790556
56.5,0.26509260464951456,8.370674217519683
57.0,0.2626047408991291,8.573483696284427
57.5,0.26075446425136256,8.74184882173837
58.0,0.27194548916582256,8.782526646822129
58.5,0.2656092131549476,9.292653082439347
59.0,0.2666327143415004,9.085422486558382
59.5,0.2678249181892108,9.02712187581082
60.0,0.2573697192505685,9.373133860864254
60.5,0.2654100411099294,9.120600760277974
61.0,0.2632068116730439,9.29643072992585
61.5,0.2622309671542556,9.62060094071995
62.0,0.27383131422964707,9.685078954683842
62.5,0.26768685502050027,10.198014900351662
63.0,0.2687239860625048,10.100652136905898
63.5,0.2699831934901479,9.711308492302727
64.0,0.2599374612426939,9.85570725308478
64.5,0.26684574742714745,10.089119745470562
65.0,0.2637835410268996,10.590264075026056
65.5,0.2632225661426732,10.692446737882264
66.0,0.2739113686364667,10.374721927837081
66.5,0.26699534260951174,10.691757159359023
67.0,0.2686603106419148,10.65815041590705
67.5,0.2705603168798418,10.786421616489605
68.0,0.2614663014903786,11.39192461466368
68.5,0.2718243662480719,11.230207098031276
69.0,0.26824142077272123,11.306922392564436
69.5,0.26187258886786124,11.230156161045864
70.0,0.2709485357557006,10.932435975998965
70.5,0.2644336633863957,11.407973579823372
71.0,0.27006961646166994,11.655977664861704
71.5,0.27527779131286667,11.653577262218441
72.0,0.2673378596752547,11.775887695364979
72.5,0.2734149128681483,11.62712920507073
73.0,0.26800580136121754,12.027749858897101
73.5,0.2626061436129805,12.35726407446938
74.0,0.2713432316144304,11.99781338946275
74.5,0.2645508869623019,12.060164012348558
75.0,0.2703313245653623,11.774975147313748
75.5,0.27654520314896275,11.823942404778867
76.0,0.2698921737981579,12.38842119156177
76.5,0.27498735805231156,12.815191714735727
77.0,0.2691211220694009,13.230762529512615
77.5,0.26486635516516693,13.101422134715081
78.0,0.27279540037740796,12.598629374254855
78.5,0.2649789019164065,12.672916892701595
79.0,0.2703606718423322,12.403283798446726
79.5,0.2754359250053288,12.530211399899333
80.0,0.2682535130919091,13.22771805927177
80.5,0.2769600105785271,13.367408828673467
81.0,0.2729228401088254,13.705912414037352
81.5,0.267339411348221,13.837818999962408
82.0,0.2736432440060218,13.267801318975481
82.5,0.26479525645825297,13.16748065793226
83.0,0.2708893620678907,13.008642838788104
83.5,0.27580423583827834,13.329466688106015
84.0,0.2674355464854974,14.166855487764101
84.5,0.2766733942608039,13.93262027636455
85.0,0.2739880411119262,14.045980436871806
85.5,0.2693637462328939,13.984049844390531
86.0,0.2763128276158281,13.537792738946855
86.5,0.26743426682618804,13.900158288573946
87.0,0.2711999699269269,14.108143295638737
87.5,0.2756922316879279,14.214492666780114
88.0,0.2683658535848923,14.613558273468007
88.5,0.27701012607211717,14.225082543829682
89.0,0.2743123219217522,14.166705534144072
89.5,0.27046271465600485,14.165204747103186
90.0,0.2784955093777223,14.077903694797707
90.5,0.270409495362801,14.698865562045057
91.0,0.2732158055541377,15.16032331673586
91.5,0.27637452709335963,15.103597828566919
92.0,0.26787948857202537,15.173231805078318
92.5,0.2765561670624501,14.318396948324752
93.0,0.2740684961099401,14.310576987022742
93.5,0.27127758809949715,15.090424023810622
94.0,0.28016895829524363,14.969166074891728
94.5,0.27208360933590586,15.396454868633867
95.0,0.2735469442050444,15.315742294977266
95.5,0.2772660852190678,15.193991923233035
96.0,0.2699414321802103,15.501547124616835
96.5,0.277157971579598,15.316803128178652
97.0,0.2730204686592289,15.312386096856534
97.5,0.26916541059582266,15.28012351845045
98.0,0.27970066895603024,15.092654767709291
98.5,0.27419889182150176,15.521029561414599
99.0,0.27669146780716625,15.477298254442918
99.5,0.2786020031657177,15.562190894906598
100.0,0.2689168152485544,16.153167010693046
100.5,0.2778269370458786,15.88124702754955
101.0,0.2747083140927762,15.853868263705065
101.5,0.27036943647623923,15.57021966111401
102.0,0.2790229519801492,15.356643465080397
102.5,0.2718146287842955,15.852139507620882
103.0,0.27791143688778325,15.670466480816286
103.5,0.2813736636513191,15.73287323784064
104.0,0.27147997964158266,16.457546641568733
104.5,0.2775373972348298,16.22720595392481
105.0,0.27338862417099447,16.492134075892217
105.5,0.2709565802571069,16.241546844427102
106.0,0.28056354338683615,15.83943021196611
106.5,0.27351119387882955,15.990657984426683
107.0,0.2759113477507771,15.646719325649514
107.5,0.27991729248723335,15.942404738484658
108.0,0.27274423789305646,16.987661691185487
108.5,0.2804183474213282,16.626821380125268
109.0,0.27715649402954456,16.50209204025159
109.5,0.27448518316545706,16.5777355141124
110.0,0.2826155760915924,16.062040519927407
110.5,0.2736072440140904,16.27742964877806
111.0,0.27544514354509075,16.193478388583273
111.5,0.2793348858022603,16.470416594537557
112.0,0.2728016271102214,17.17390611079554
112.5,0.283103252310849,16.607076598009964
113.0,0.28138457889246704,16.557759536179308
113.5,0.27723247064976236,16.76213632106737
114.0,0.2833011299445828,16.36216269487563
114.5,0.2734443480907574,16.664056839458198
115.0,0.27545541274084884,16.751623943459446
115.5,0.27933933717163717,16.628409575520433
116.0,0.2730373810165196,16.939480204070076
116.5,0.28352938841242475,16.861253691647413
117.0,0.28135038780339483,16.889800890574925
117.5,0.27732287447524995,16.70411158260433
118.0,0.28531953414959005,16.531808851525287
118.5,0.2766351698095475,17.042277645835746
119.0,0.2769694959009551,16.753560849693287
119.5,0.2796674058463167,16.682725630135707
120.0,0.272671647821928,17.346664338111783
120.5,0.2836531304679481,16.860572894981548
121.0,0.28230773672487824,16.720885941337066
121.5,0.2785473591272616,16.721847500859347
122.0,0.285433164255486,16.71778338720937
122.5,0.27620832808494816,17.310350867442644
123.0,0.278753959171494,17.074642197242284
123.5,0.28300793509546723,16.990796283459236
124.0,0.27590305107489416,17.337595441766158
124.5,0.28137768879656855,16.932484096346403
125.0,0.27753223651021824,16.879338356379584
125.5,0.27677191150519803,16.980757917589298
126.0,0.2848915558655479,16.785386777386822
126.5,0.27726712805923087,17.279461872416395
127.0,0.28286433740036704,17.236292169480738
127.5,0.2855140188210062,17.120059419887497
128.0,0.274146102322382,17.428134067695634
128.5,0.2797012424904219,16.700032623141066
129.0,0.27653678018425676,16.73301056077019
129.5,0.2758547751009277,17.111267967717584
130.0,0.2853563964564693,16.86665992336724
130.5,0.2779098867203268,17.29730259099772
131.0,0.2824552219431842,17.294330362143025
131.5,0.2853215477746081,17.06945169762457
132.0,0.27474378582768466,17.02292403150864
132.5,0.2821061794548818,16.556972145432656
133.0,0.2787115825458497,16.69478919635673
133.5,0.2758487979461026,17.026257051220686
134.0,0.2838788635891483,17.001874887479797
134.5,0.2762319836741042,17.4224071546242
135.0,0.2800059837255057,17.09495333537936
135.5,0.28455073649185475,16.780810385880002
136.0,0.2770294807662567,16.889650111532237
136.5,0.2858388048649745,16.626150024223502
137.0,0.2820466409683618,16.808210456969736
137.5,0.2749705587123042,17.02377836362917
138.0,0.28058286499405716,16.739592267932682
138.5,0.2723734764295942,17.07373826583573
139.0,0.27851593180988765,16.957596268528373
139.5,0.2849213440013622,16.725804905559755
140.0,0.2786628071518399,16.819267190023456
140.5,0.2853498382957032,16.318909794798497
141.0,0.28026300639196244,16.51671051792757
141.5,0.27364807671007596,16.896657485359125
142.0,0.28048585452287794,16.54319117317882
142.5,0.2721074873674224,16.801105585261777
143.0,0.27612463418854116,16.51799612922321
143.5,0.2823326041992151,16.383019401277323
144.0,0.2771729484534298,16.720075555391457
144.5,0.2842632784268659,16.181913060672926
145.0,0.27918000424061973,16.294445406259904
145.5,0.2728657341414656,16.719490814836757
146.0,0.28129939923823627,16.226375996082318
146.5,0.27375889136395215,16.385925077849993
147.0,0.27612666742833236,16.17070474083042
147.5,0.2799131470511575,15.971930270014035
148.0,0.27191636145693876,16.48743298626751
148.5,0.28180427829627963,16.39588479282867
149.0,0.2790263331304128,16.490635999770337
149.5,0.27415919612704087,16.331739984498732
150.0,0.28113906225574786,15.65325614456412
150.5,0.27251594852318245,15.859701097194915
151.0,0.2752387575991494,16.031253688583195
151.5,0.2786508910516813,16.05696103274867
152.0,0.27092612729725873,16.386917688586077
152.5,0.27991817719593715,16.055413323008143
153.0,0.2771133732213509,16.17218318007267
153.5,0.2732400519745977,16.15879338096061
154.0,0.2806143500730614,15.614851791182778
154.5,0.2718425790052438,15.723818954753712
155.0,0.276270980304163,15.486745274530247
155.5,0.28073473851759806,15.465544812557441
156.0,0.2719278270028146,16.165500517632015
156.5,0.27747041175656506,16.035387524230707
157.0,0.27393843005005913,16.140952526759744
157.5,0.2739301145198948,15.671162238518157
158.0,0.2815594528771495,15.287146281377703
158.5,0.27255576461473685,15.585322753593106
159.0,0.2760452271000702,15.085579781006741
159.5,0.28032284253066814,15.258839372795169
160.0,0.27298522307409695,16.133732485104613
160.5,0.27895435458430123,15.887448195334336
161.0,0.27442650392355816,15.932361780476755
161.5,0.27081028071210606,15.508322628077808
162.0,0.27930746829500297,15.00978427699491
162.5,0.2725694404510754,15.400640275913096
163.0,0.27904829144346255,15.38615829649125
163.5,0.28140295122489845,15.499926245137164
164.0,0.2697403638373787,16.11001246989339
164.5,0.2776436327534933,15.534722618939755
165.0,0.27517379501035816,15.402742180718581
165.5,0.27119994258265606,15.388326177193198
166.0,0.27970718233993,15.137297367963356
166.5,0.2726762456746535,15.648460391191348
167.0,0.2761745594172764,15.542822103750002
167.5,0.2788501426280525,15.428585691916085
168.0,0.26943314083678493,15.512312894121969
168.5,0.2764571039519356,14.995633875007677
169.0,0.27466794879229633,15.066012500595873
169.5,0.27453091269280194,15.299519563510149
170.0,0.28134482698843627,15.080881985286936
170.5,0.27131619510879273,15.377218026741494
171.0,0.2735799210055081,15.309714348438133
171.5,0.27593441030666555,15.143113853546394
172.0,0.26719734374190124,15.346057597346697
172.5,0.27859621775244514,14.679336615280286
173.0,0.2775882662117083,14.669120587226915
173.5,0.27363851913479476,14.944759378426168
174.0,0.2807324705975173,14.81287782854619
174.5,0.27183980667405594,15.33751707965274
175.0,0.27417287405810425,14.983379940140313
175.5,0.2764267167923525,14.598294352017616
176.0,0.26739761122621136,14.772727570946083
176.5,0.2780210609511679,14.44330075275269
177.0,0.2765414752039694,14.715156431360162
177.5,0.273218193533816,15.056185302453295
178.0,0.2810645020635357,14.700403577203318
178.5,0.2721510336478838,14.784532016104226
179.0,0.27461620647582763,14.469283605216024
179.5,0.2772441465801312,14.451944150689727
180.0,0.2678525554880246,14.953542815043116
180.5,0.27766333352502226,14.430619614856617
181.0,0.2753402464265164,14.495890072737462
181.5,0.26970665105686376,14.711013206890899
182.0,0.27868895774087044,14.301889736739854
182.5,0.2730834993733066,14.563890763348763
183.0,0.2781560778215549,14.264281293007096
183.5,0.27973246350734066,14.23296720202128
184.0,0.2669636665248753,14.79760993447037
184.5,0.2744645204147776,14.579611331355654
185.0,0.27265501909740847,14.389460108681735
185.5,0.27192862874540397,13.874325398230821
186.0,0.28014380677707756,13.756294989875695
186.5,0.2723661236279899,14.497626294154916
187.0,0.27669525267045125,14.498614938963911
187.5,0.27949587365928796,14.15019337015619
188.0,0.26966042932372497,14.302546793593834
188.5,0.2762543357768029,13.876976108059257
189.0,0.272910601398215,13.853956695961816
189.5,0.26950041646218925,14.070833919098249
190.0,0.2774059214037795,13.627354259341592
190.5,0.2701822373181635,13.979993469114092
191.0,0.2761085984550148,14.000248787759633
191.5,0.2813896502250295,13.85780962260775
192.0,0.273416873907455,14.242814447426825
192.5,0.27600398495550865,13.759023211831979
193.0,0.26906393680787855,13.604955269768594
193.5,0.2648047640092405,13.34626282752397
194.0,0.2763036869070174,13.182388455704201
194.5,0.27262094329990516,13.866543566813808
195.0,0.27680533102785554,13.974014277755302
195.5,0.2791774870442386,13.651357859301424
196.0,0.2688427008834674,13.911362672347593
196.5,0.27461116582487816,13.419578359794029
197.0,0.27015696195146827,13.149118412809456
197.5,0.2664320811537062,12.94177224460409
198.0,0.27698776832990063,12.951660784076491
198.5,0.27108366581772086,13.680471438918657
199.0,0.2721699779396941,13.796456797587892
199.5,0.2756146440736695,13.676261421045451
200.0,0.26829557173716073,13.67548650559231
200.5,0.27566224192276806,12.807750837270996
201.0,0.2724167616287314,12.880733641896507
201.5,0.26878376167369217,13.33507093731715
202.0,0.2743004474116653,13.104715904642978
202.5,0.2651069588807086,13.535539458439839
203.0,0.27164259205228053,13.320142397481842
203.5,0.2757892081019624,13.21359565896144
204.0,0.2665814230925082,13.422378866641553
204.5,0.2738100437921717,13.001284315977022
205.0,0.27109346797848266,13.105522302652746
205.5,0.27015750389480536,13.013757272958488
206.0,0.2767749683012354,12.81211936626741
206.5,0.2660291310595777,13.440119377050657
207.0,0.2666980893469696,13.204658297236216
207.5,0.2717991268992446,12.88637296379679
208.0,0.26728206814943556,12.786245841566407
208.5,0.27467899743837243,12.538209744618488
209.0,0.271389523542888,13.050883448434917
209.5,0.26850456854735666,13.565171368354216
210.0,0.27470621173392934,13.027644184552074
210.5,0.26486182483882875,13.022820599973393
211.0,0.2678478175417418,12.64198804018767
211.5,0.27036155206470963,12.217847054439238
212.0,0.2611024050684574,12.527298271907728
212.5,0.27230600891634404,12.610357750407047
213.0,0.27179199592241104,13.283206701700538
213.5,0.26903143265609597,13.50874558019215
214.0,0.2747387365689678,12.837340665255478
214.5,0.2641169933898527,12.704385796643264
215.0,0.2667940190966069,12.261675094237454
215.5,0.2711443824610022,11.954555663080413
216.0,0.2636111042224315,12.589215349438392
216.5,0.2704800616296746,12.635029882367954
217.0,0.2688236567197521,12.954344586548734
217.5,0.26876185538574004,12.946028169114857
218.0,0.2752818162767687,12.552569446994125
218.5,0.2650286943152918,12.643179605405559
219.0,0.2677879966517527,12.184509925987996
219.5,0.27160156343434827,12.037959926424428
220.0,0.26355051887496495,12.299917581472977
220.5,0.27050711407284284,12.145543684312846
221.0,0.26702589165699175,12.545013516665612
221.5,0.2645880746381663,12.68239216421845
222.0,0.27440140344911035,12.38835935761724
222.5,0.2675580218808895,12.602593895476078
223.0,0.27013753474461594,12.136187137753025
223.5,0.27177737789152134,11.761828337850345
224.0,0.2615270517958386,11.974270373838158
224.5,0.2689994353919529,12.029062777014248
225.0,0.26619420883629036,12.228723755067733
225.5,0.2645459300665835,12.196218738624156
226.0,0.27472401140246616,11.9461714582287
226.5,0.2675674111219103,12.159767918142935
227.0,0.26911004579853937,11.897813371169015
227.5,0.26988263492069664,11.677605176476945
228.0,0.259620867730154,12.064673941768579
228.5,0.2716377648188286,11.677170543831725
229.0,0.27081945658678264,11.731296281857915
229.5,0.2653578053803218,11.797296907265281
230.0,0.27096256648800054,11.682713019374727
230.5,0.2622877498766096,12.011090307065718
231.0,0.2673745407528979,11.629605595007995
231.5,0.2733366732665787,11.47414361130154
232.0,0.2670079195253953,11.863860676411228
232.5,0.2721926587625262,11.732574284803942
233.0,0.26756904781411056,11.73096446288415
233.5,0.26481729046297153,11.543489874711646
234.0,0.2712303089907841,11.166773946887965
234.5,0.26221326494030067,11.470850236349573
235.0,0.2661179273518238,11.557261807904899
235.5,0.2720662235139733,11.570973780578965
236.0,0.2665191837521071,11.8924350141464
236.5,0.2748999787281971,11.45480021760418
237.0,0.2703180251459712,11.295191580097715
237.5,0.26318544367282076,11.149365440560262
238.0,0.2695195406446981,10.969118650254849
238.5,0.2615594258734312,11.485459470956508
239.0,0.2667628326086637,11.182931975281424
239.5,0.27153639462770596,11.068338615512483
240.0,0.2639400238342601,11.7238446671269
240.5,0.2732883592276226,11.281439751572677
241.0,0.2702226262819783,11.107322874265673
241.5,0.2644914057425221,11.12653135838476
242.0,0.27089093653561785,10.621893800460017
242.5,0.26190140337282913,10.842714028084636
243.0,0.265326989046236,10.94630286513402
243.5,0.2695192774692075,11.034967918119111
244.0,0.2624470049564847,11.383840324753464
244.5,0.2730510837839294,10.9625970975877
245.0,0.2703552184084436,10.904148118437927
245.5,0.2643672027730217,10.678558713414498
246.0,0.27068222719736706,10.562023377923756
246.5,0.2615745799901152,11.258034999383312
247.0,0.2664626714423544,11.043007027241627
247.5,0.2705099366863249,10.754181639309833
248.0,0.26147176829791735,10.777577375133783
248.5,0.27207518857686086,10.338941714233247
249.0,0.26918044784417233,10.724556619035624
249.5,0.26250892361828504,10.840439875033779
250.0,0.2699557542140867,10.619410363906772
250.5,0.26302311293045794,11.125835265944339
251.0,0.26855859248790737,10.914085383554777
251.5,0.2727146626016112,10.38786091927467
252.0,0.2637738301582326,10.222828394041072
252.5,0.2679332374956808,10.024362070524587
253.0,0.2641117411472962,10.558064869950025
253.5,0.2633878859070145,10.818431402269498
254.0,0.273674013406352,10.568018985426525
254.5,0.266516514875575,10.955929836561097
255.0,0.2686872308794899,10.397922470802333
255.5,0.2700529748477804,9.953085043376841
256.0,0.2598801099828115,10.117771491299623
256.5,0.270438091704519,10.040004354245506
257.0,0.2683804684044946,10.46609617718183
257.5,0.26326416746787834,10.811988971421481
258.0,0.26982897889698,10.265774969408733
258.5,0.261809447720206,10.37024770418816
259.0,0.2674280200806578,10.241923931943226
259.5,0.2723801588323562,10.074275443410848
260.0,0.26423333960710693,10.522943506663086
260.5,0.2691134786606175,9.990409720893611
261.0,0.2649729045370045,9.909555489189936
261.5,0.26252394994223566,10.137323550083098
262.0,0.2712129171326783,10.053553964292341
262.5,0.2640844030422711,10.461470213382487
263.0,0.2670389825412372,10.428865439452123
263.5,0.26988092412992204,10.215997925027803
264.0,0.2613429142688908,10.375438179036147
264.5,0.26896917502731743,9.652023686545045
265.0,0.2659117015723793,9.705084598382877
265.5,0.26181885681778394,10.007016410017709
266.0,0.27097262730277494,9.953456326244323
266.5,0.2645782004223587,10.475013565012594
267.0,0.2684798401319261,10.277896978079223
267.5,0.26971354594613584,10.008813848656551
268.0,0.2575583170965124,10.021587505698252
268.5,0.2657943922605704,9.686191245435955
269.0,0.2655497848636507,9.846582684281898
269.5,0.2661904182786984,10.114880112007647
270.0,0.27495738412634363,9.832566816863523
270.5,0.2656952969883624,10.10907921401168
271.0,0.26655552727875054,9.797254858335544
271.5,0.26833772993627864,9.834322697774347
272.0,0.2581004072544625,10.404153304111098
272.5,0.2670279638168222,10.030624173746057
273.0,0.2653568447848168,9.9162246487244
273.5,0.26224003647674243,9.820888378784831
274.0,0.27329655581775664,9.502378573482982
274.5,0.26824040619456346,9.802225325668633
275.0,0.2695848188512186,9.836587315609298
275.5,0.2692044821784433,9.95441629030281
276.0,0.25752676696093946,10.449272664898624
276.5,0.26425765219300595,9.903049593305544
277.0,0.2623273796654174,9.7975625751505
277.5,0.26311773149378564,9.841545398984158
278.0,0.27432140159961205,9.411420347988106
278.5,0.267873515975312,9.678345341634003
279.0,0.26946407640254333,9.833401571996257
279.5,0.26949612827020303,9.765307483707758
280.0,0.2582920398108195,10.076822687318863
280.5,0.26656981418323783,9.856242530950704
281.0,0.26349844455842153,9.880160757215688
281.5,0.25978761394716304,9.911627285496975
282.0,0.2704232274001439,9.501449810694604
282.5,0.2652833622440308,9.703031339441594
283.0,0.2691411523937674,9.704459502629373
283.5,0.2725357809462832,9.54460205248827
284.0,0.2626114383846329,9.761812317006457
284.5,0.2668939540013,9.681944153992845
285.0,0.2615433960794498,10.00606214937329
285.5,0.25749936031598963,10.213778591441665
286.0,0.26963266686478066,9.89400460515285
286.5,0.2657719463805324,9.954772102279339
287.0,0.2688129548150554,9.328171072303569
287.5,0.27158858790647056,9.150300092456874
288.0,0.2625158307143209,9.842870911641215
288.5,0.26944455936991835,9.936278260758911
289.0,0.2653411176733889,10.3150110444964
289.5,0.2605281454701416,10.251931311520908
290.0,0.2697282612672011,9.672409333973675
290.5,0.2633945828843784,9.672777251460197
291.0,0.2672584880337444,9.440909411519222
291.5,0.2710644358305797,9.515566350637165
292.0,0.26313280079889473,10.20730476327029
292.5,0.272682268150386,9.895804114660933
293.0,0.26881610111312265,10.044040357464027
293.5,0.2611633307587788,10.338119099632308
294.0,0.2700191861806773,9.827141372732118
294.5,0.263899441055008,9.982042182835988
295.0,0.2657395053971082,9.841169157965798
295.5,0.2691965453820711,9.858905005170293
296.0,0.2621962114648377,10.348646875155273
296.5,0.2728231162172511,10.083262820931168
297.0,0.2708462235525939,10.178641047331952
297.5,0.26545202597114276,10.177060095469493
298.0,0.27098399337060575,9.941231965715824
298.5,0.26097005532524614,10.412252555555744
299.0,0.26524753631710757,10.254077625467263
299.5,0.2706049275929321,9.935647754454893
300.0,0.2641240547940598,10.149972807249142
300.5,0.27198181293432616,9.809610355728234
301.0,0.26882698014211387,10.054159826338807
301.5,0.26419180245555046,10.54929644314674
302.0,0.2711901149386817,10.469772068001273
302.5,0.2634349036712249,10.617413183691326
303.0,0.2690233561156126,9.872656153503815
303.5,0.2723651133978967,9.600697897110226
304.0,0.26245093110254303,10.275477917955541
304.5,0.267822008435957,10.508608036010992
305.0,0.2650475542657672,10.75802678352279
305.5,0.2651461522034575,10.507971580663476
306.0,0.274505889959623,10.155904228639425
306.5,0.2667054622901145,10.3155266801407
307.0,0.26813683206883976,10.207036171584374
307.5,0.26992164163263604,10.2885146555528
308.0,0.26094498890176804,10.831061217306697
308.5,0.2716030356285882,10.617438404418133
309.0,0.26926437810060233,10.483170510403124
309.5,0.26278780680869473,10.486679988140777
310.0,0.2710433733569356,10.316451460095905
310.5,0.2650089910131709,10.488554196242085
311.0,0.2708326219655021,10.580228056990341
311.5,0.2740798237903916,10.571178509678248
312.0,0.26370168183902726,10.893626885907292
312.5,0.2713939559046224,10.564443402947315
313.0,0.26823386682042377,10.624187078637355
313.5,0.26411481279540105,10.57058693820703
314.0,0.27109103346600183,10.371477597663297
314.5,0.26317046124694987,10.794896446301472
315.0,0.2689726535483126,10.759164653160237
315.5,0.27530625513951196,10.887202028983179
316.0,0.2681126330676904,11.24234155866362
316.5,0.27401670555384533,10.558075329313072
317.0,0.26834534175424835,10.572922220802397
317.5,0.2613933926971485,10.922973023539646
318.0,0.27012438963381613,10.787472142411819
318.5,0.2640963760282926,11.2319905212323
319.0,0.26889744958880246,11.207655949026687
319.5,0.2752463405622437,10.77003430162674
320.0,0.26908370521069197,10.861803796663613
320.5,0.2727470082740963,10.83838080587754
321.0,0.2675419479009673,11.254730680913845
321.5,0.2642147730951373,11.423177275820956
322.0,0.27324553127818146,10.96711607585414
322.5,0.265758329689236,11.260467202361905
323.0,0.26635456814004377,11.329405667466078
323.5,0.27057823660214186,11.086306903074698
324.0,0.2650218305252283,11.558512669421749
324.5,0.2747864414936635,11.431362793113951
325.0,0.27216411559310283,11.37300998112773
325.5,0.26717214309095944,11.393187609103085
326.0,0.2733910289516849,11.280560155176179
326.5,0.2638050063318137,11.810820985193862
327.0,0.26674940905341243,11.60619173988018
327.5,0.27052696760434786,11.589338506409964
328.0,0.2628798942186836,12.152921173983508
328.5,0.27381721047027785,11.347036740368473
329.0,0.2733202623431217,11.170414354996174
329.5,0.27018296100847267,11.620823621906922
330.0,0.2754006346197146,11.88498079515183
330.5,0.2645173969922398,12.361690607070882
331.0,0.26663034146315473,11.550978582596212
331.5,0.2704606163221502,11.215415046462438
332.0,0.2637633096141301,11.966876193059825
332.5,0.2731801082149523,11.903290163598655
333.0,0.27270411032792824,12.027155225433567
333.5,0.27188244221060526,11.938944049889322
334.0,0.27698793004496913,11.523220234406844
334.5,0.2655580745084171,11.758856280036829
335.0,0.26824719348705334,11.703606647695347
335.5,0.2718866263470715,11.791693774365546
336.0,0.2639058713748705,12.329945644043148
336.5,0.2749074428623453,11.8978724206724
337.0,0.27435872369428593,11.980892375588754
337.5,0.2695001190818137,11.680565352340945
338.0,0.2765223052697496,11.591049779363473
338.5,0.26761330822694857,12.198919632291023
339.0,0.26930095674420856,12.083824254695257
339.5,0.27328494144376014,12.006200025012513
340.0,0.26620330575674855,12.35007887303678
340.5,0.2749132770372691,11.725479759258029
341.0,0.2736825293636908,11.729387662510051
341.5,0.27092775157949744,12.198225916675481
342.0,0.27659099822595595,12.062157918028577
342.5,0.2661823480098213,12.473271626143777
343.0,0.2680784916286003,12.014731002788844
343.5,0.27466338934801293,11.775386411709208
344.0,0.2712051194623601,12.309735475324308
344.5,0.2793917923404938,11.958687524404702
345.0,0.27491321548180186,12.06113383418867
345.5,0.26750470836317186,12.369415571262163
346.0,0.27457897657596375,12.156234239811981
346.5,0.2675108429406404,12.681385479573601
347.0,0.27211506921022927,12.173157470433798
347.5,0.27644720629874014,11.809128995697186
348.0,0.26893240710396377,11.962216805055071
348.5,0.27915191269789785,11.916590059921877
349.0,0.2766605288891874,12.455286950410272
349.5,0.2706907400459556,12.993894649327993
350.0,0.27594256396844413,12.604204594372462
350.5,0.2661022604773367,12.43723160372083
351.0,0.2705709267461782,11.734534696898194
351.5,0.2763043980470627,11.742501945126742
352.0,0.26956476278617947,12.477457526822374
352.5,0.2794803621811802,12.563671851157665
353.0,0.27712975152254987,12.854818118915274
353.5,0.2724427752264629,13.031593357025926
354.0,0.27858420269210504,12.468550187980007
354.5,0.26899210783096084,12.398419875019734
355.0,0.2714245029490826,12.151838931861192
355.5,0.2761177992779323,12.241568220453548
356.0,0.26905508296987446,12.735964418871625
356.5,0.27826428003165876,12.700085021640156
357.0,0.2774106123192126,13.077023275154263
357.5,0.2745845024545595,13.108741660756369
358.0,0.2810775202709947,12.363901640254095
358.5,0.2711566073265227,12.533447396905931
359.0,0.2722552736126476,12.541005032774239
359.5,0.27591603915884844,12.53445260104663
360.0,0.26878908140746777,13.193742479915127
360.5,0.277453029289659,12.681157990380619
361.0,0.27610003671960587,12.876213936123394
361.5,0.2741312851996508,13.191302890768437
362.0,0.2824946702758639,12.6121886913958
362.5,0.27458048994320833,12.578530673381575
363.0,0.2759171905401285,12.520396826462608
363.5,0.27749402836416653,12.73865184068655
364.0,0.26748189631198727,13.175052439068644
364.5,0.276162344229824,12.753366734060203
365.0,0.2758129731941142,12.723535212250493
365.5,0.2750725559928726,13.0171154327062
366.0,0.2831461845005,12.662485442463144
366.5,0.275187840431074,12.804833522930569
367.0,0.27813600861420307,12.506054589778941
367.5,0.2799386209952852,12.711410184637057
368.0,0.2697126613648157,13.515768349571767
368.5,0.2782664653832525,12.838840402712714
369.0,0.2756341370513347,12.676462931071212
369.5,0.27025774412074943,12.744683277442425
370.0,0.2808405116558253,12.369118940897982
370.5,0.2768184817414689,12.690303231914234
371.0,0.2811944009071911,12.655233280218459
371.5,0.2830072371538821,12.63318657724512
372.0,0.2718264115520196,13.177534058673729
372.5,0.2770363306302007,12.599514021621191
373.0,0.2729453403180661,12.544271286818478
373.5,0.26998368764407626,12.740383725067733
374.0,0.28209964691835976,12.349128870575134
374.5,0.27759246770977636,12.453903408655655
375.0,0.27928413884840264,12.53814144076429
375.5,0.28180727971992553,12.67884501106935
376.0,0.27273506656456425,13.128572555865707
376.5,0.2785383417432544,12.53305386598779
377.0,0.2741828886581513,12.390696329673252
377.5,0.27097999826520835,12.668098802705705
378.0,0.28262661718964055,12.397869976925326
378.5,0.27667735481183675,12.664635234129385
379.0,0.27600114456955305,12.73967238170802
379.5,0.2792323479914601,12.807171167740943
380.0,0.2719312654100032,13.137944964232075
380.5,0.28076539127096534,12.29255002187962
381.0,0.278002717704576,12.26947531929893
381.5,0.27335654692718625,12.625909610878287
382.0,0.28085333081931724,12.668806139894619
382.5,0.27254964380941854,13.099793248606701
383.0,0.27463920379954876,12.65096121918672
383.5,0.2793298350229794,12.428244414204654
384.0,0.2726132871296878,12.694968202446947
384.5,0.27988331937694116,12.278643343462285
385.0,0.2772997461404484,12.649428181180662
385.5,0.27419023368787643,12.828505189272867
386.0,0.28137295598404505,12.467947452241125
386.5,0.2722203505048773,12.797966974172745
387.0,0.27376014110022484,12.597671282167306
387.5,0.2778678091290261,12.404135676601053
388.0,0.2712282198035164,12.810182718194874
388.5,0.2809685376613919,12.479176221122115
389.0,0.27814294658520566,12.551918213477995
389.5,0.270875146270054,12.759131502661898
390.0,0.2785491586311149,12.528697665581918
390.5,0.2724289018197689,12.893935949581792
391.0,0.27879119531464236,12.542680568233346
391.5,0.2810954195807384,12.274997726558887
392.0,0.2686876630495404,12.796587297971994
392.5,0.2762276619355709,12.68116525877089
393.0,0.2739401869979939,12.857485841572398
393.5,0.27126563844578544,12.98872889742811
394.0,0.28114153509287165,12.323023316007156
394.5,0.274483341764658,12.382066725197678
395.0,0.2754610544216414,12.841583531438971
395.5,0.2774756172980402,12.683337937167858
396.0,0.26870937441200865,12.864359174162594
396.5,0.27615995729894227,12.744981780665494
397.0,0.2729654330489121,12.81972357272549
397.5,0.26961137697039844,12.727843770808368
398.0,0.27993052030262483,12.378374240913
398.5,0.27415260569626737,12.713009943927828
399.0,0.276407561832847,12.581359037246656
399.5,0.27718000082134553,12.690433372674056
400.0,0.26589887419999647,13.302585397568848
400.5,0.27587193506284796,12.841518021982528
401.0,0.2751428453742766,12.65844350574969
401.5,0.27160930476735007,12.692394797259736
402.0,0.27962755366930014,12.520987787662797
402.5,0.27158729641519636,12.96369805452164
403.0,0.272799281727317,12.94019343137793
403.5,0.276818413357122,13.036594077309426
404.0,0.2695143382381405,13.163385771151004
404.5,0.2784281013587091,12.645127412954114
405.0,0.27629382157824245,12.840275879892864
405.5,0.2715403661304094,13.132547246703503
406.0,0.27811749618656234,12.787196227069261
406.5,0.26944366388367225,13.032488965669703
407.0,0.2723724976389978,12.74951412314105
407.5,0.27790413006509423,12.690093939060695
408.0,0.2717467924487483,13.29616826583001
408.5,0.28090471870505923,13.289821219395876
409.0,0.27740447631212095,13.336176748557891
409.5,0.26943989588851425,13.155724110530993
410.0,0.2760564116007657,12.515454778050271
410.5,0.2690397349329959,12.969696445367731
411.0,0.2736168096567091,13.080097137468222
411.5,0.2788270897466442,13.180739418111196
412.0,0.27185288435705185,13.805307055584791
412.5,0.28088325706033446,13.076356752821836
413.0,0.27782561499156283,13.097565996162905
413.5,0.2706753990846665,13.567790241106485
414.0,0.27705824546154467,13.030959540219808
414.5,0.2689888396474963,13.20631355907836
415.0,0.2721276720605708,13.192379487747099
415.5,0.27873898989267815,13.170754007284321
416.0,0.2737875922480519,13.572607137824626
416.5,0.28060646824608276,13.290559893090391
417.0,0.27650216641226943,13.340209452457152
417.5,0.2713214940535127,13.450392168040745
418.0,0.2778314831611217,13.281642446820046
418.5,0.2691951438000034,13.492317649585523
419.0,0.2709637135124367,13.147458479978763
419.5,0.2767931732167499,13.262814976621232
420.0,0.2719083537833704,13.757175600621899
420.5,0.281864021560417,13.15575007576413
421.0,0.2783718015898266,13.294524608522075
421.5,0.27035428252124,13.58415499714132
422.0,0.27637482474122804,13.314472616385395
422.5,0.26876833233987596,13.759947891581957
423.0,0.27374838033291415,13.532862479001095
423.5,0.2787153530023494,13.273534683551276
424.0,0.27109188936383843,13.46498814897781
424.5,0.27950207367079727,13.10331553334113
425.0,0.27633716750263004,13.364912105396007
425.5,0.2703397635689232,13.637221251311356
426.0,0.2775866091157871,13.375601641696203
426.5,0.2701576314826116,13.888280123181367
427.0,0.2736283340560506,13.671277648309774
427.5,0.27879430325570814,13.38687426816224
428.0,0.27207241676755045,13.535026179490169
428.5,0.27823186117962057,12.955382154919072
429.0,0.27426993714925246,13.30507457882756
429.5,0.27057476702285815,13.781796637289302
430.0,0.2783931414991426,13.466760558976096
430.5,0.2703812605679681,13.88692559123533
431.0,0.27572925328451686,13.553564845875975
431.5,0.28084570011495863,13.398376614672577
432.0,0.271895936215778,13.70738003549587
432.5,0.27715330454149145,13.208606741858647
433.0,0.2732860575761585,13.470535991171266
433.5,0.2698085265170371,13.648776636471005
434.0,0.2786635156777296,13.12962645851193
434.5,0.2727397446048447,13.556720208401458
435.0,0.2782886763987092,13.680123097301546
435.5,0.2815516787842116,13.522103705169966
436.0,0.2707845229172034,13.72637106473833
436.5,0.2762922047433803,13.278752331886277
437.0,0.27310287306462616,13.430580245952415
437.5,0.270508847101948,13.668780309754972
438.0,0.2800766537579105,13.290585758985392
438.5,0.27357885872081683,13.565515701460386
439.0,0.27663862076887946,13.51102248248142
439.5,0.28026977065187203,13.478595487361424
440.0,0.2718075115961926,13.803562689221941
440.5,0.27911929210114517,13.572366566581417
441.0,0.2746276885925252,13.621879213975497
441.5,0.2688710475524798,13.596645824683304
442.0,0.2785224756111262,13.421070740680836
442.5,0.27284122186973836,13.746313586170059
443.0,0.27602682249214316,13.489271702975941
443.5,0.2809195776471662,13.339466271864294
444.0,0.273521461103674,13.879917617974867
444.5,0.27927682508840407,13.712057874950569
445.0,0.27481927654356514,13.830641227100745
445.5,0.2705100551276606,13.800674282101188
446.0,0.27914088782077884,13.287565683612357
446.5,0.2715458144305778,13.508938326650853
447.0,0.274952118088394,13.609328102621953
447.5,0.2809293925000083,13.591430412878152
448.0,0.2750367655421796,13.868066437832756
448.5,0.282072581703889,13.639644310805938
449.0,0.27730695645069914,13.787242151012089
449.5,0.2691511333332091,13.667741199281547
450.0,0.2778440589969675,13.43003485782968
450.5,0.27318728605707354,13.751410573445144
451.0,0.28026597139973747,13.426125113473695
451.5,0.2835993310995148,13.556140232777153
452.0,0.271848775035793,14.050481351329696
452.5,0.2784911499810814,13.579308196877193
453.0,0.2760090858468702,13.614165350963656
453.5,0.2735516982737297,13.602571924074152
454.0,0.28237106563666237,13.357462562264526
454.5,0.27564598481673125,13.873707051362135
455.0,0.2783520853385466,13.837031034398695
455.5,0.281048096991478,13.59594129710012
456.0,0.27072346769916494,13.83990784287104
456.5,0.27766206503273183,13.596775323863525
457.0,0.2767534611552351,13.598375873570847
457.5,0.2764006975081873,13.535410897671763
458.0,0.28522664063847225,13.32973636585386
458.5,0.2774166013918839,14.071725070420053
459.0,0.2787902491369092,14.331474938584892
459.5,0.2802606697995379,13.809296522841924
460.0,0.2710333067839285,13.572784921184546
460.5,0.2788961254571626,13.200840199397785
461.0,0.2786671983042686,13.428385129126314
461.5,0.28006165511844844,13.952970943919304
462.0,0.2867478781434323,13.868937957378536
462.5,0.2761415598149484,14.220233379101826
463.0,0.2783330957443271,13.649733361281227
463.5,0.28263827440289124,13.199007075794587
464.0,0.275987072682181,13.683595152464745
464.5,0.2831857726625615,13.838467636938454
465.0,0.2801527768059523,14.036817734510478
465.5,0.2764764846461434,13.91422470065255
466.0,0.2850061687638517,13.455110960208714
466.5,0.27891095825115303,13.753311850240454
467.0,0.28286529641323727,13.64757318260548
467.5,0.28618806809962394,13.793140756351262
468.0,0.27700567434736617,14.302941324122887
468.5,0.2848146719379351,13.869418610316057
469.0,0.28243194715368347,13.833507037326386
469.5,0.2782215186680586,13.96974615017013
470.0,0.28531391524483235,13.677022880991517
470.5,0.27709154994377805,14.058296380915642
471.0,0.2817059804928601,13.845407412649504
471.5,0.2871891520568633,13.883506071485675
472.0,0.28023172610147745,14.614963351303645
472.5,0.2869456958531649,14.131425926344193
473.0,0.28202154900070914,14.088332893261935
473.5,0.27491874534059935,13.920840512708017
474.0,0.2835998907727642,13.855634186082789
474.5,0.2782339185558577,14.588503069056141
475.0,0.2820306835193815,14.090971784517563
475.5,0.28647667993755355,13.835038642477738
476.0,0.2783995911724506,14.382183539293083
476.5,0.28671374593962434,13.843027066156658
477.0,0.2826935024637865,14.158590158403939
477.5,0.27467284572773976,14.852058335710144
478.0,0.2837536137333343,14.242297719677126
478.5,0.27837358060291995,14.250176016267567
479.0,0.2817604199454992,13.941860372562877
479.5,0.2857450773330082,13.921869733763737
480.0,0.2772503334867585,14.57740672384126
480.5,0.2833906226711131,13.967390255256664
481.0,0.28150141958296426,13.980567842749089
481.5,0.28002541809440146,14.524064527769362
482.0,0.28670539740257306,14.313527206462503
482.5,0.27694470852525194,14.522872481682398
483.0,0.27927418127728,14.182520197257091
483.5,0.2839239775379853,13.933228378802864
484.0,0.27638176286604454,13.950955344540537
484.5,0.28438003415355456,13.899429744243985
485.0,0.28310856002967405,14.278312968214955
485.5,0.2811188206222572,14.340786539367494
486.0,0.28697891135106607,13.89760040830082
486.5,0.27707763721118844,14.362199568494617
487.0,0.2772311631025961,14.443086299167993
487.5,0.2824395813370169,14.293083433159952
488.0,0.27889495135239045,14.4829700593425
488.5,0.2872587706257057,13.766549166261894
489.0,0.2828042534387624,13.668175699484985
489.5,0.2765395095038074,13.90006244025503
490.0,0.28465981342837715,14.012684708440855
490.5,0.27765944153456323,14.679824193346837
491.0,0.2800331990002035,14.612569865074073
491.5,0.2842920036980104,14.128618174587718
492.0,0.2769460085984423,13.923867269013519
492.5,0.28462595338754476,13.674166145761792
493.0,0.28086145472153223,13.902355267479965
493.5,0.27601258149113606,14.409101147574631
494.0,0.2835312491207552,14.151683717717932
494.5,0.27536555537678864,14.4133226177804
495.0,0.2785840135010669,14.25291052115589
495.5,0.28414146941815605,14.063769230915698
496.0,0.2780275764289407,14.241774467493684
496.5,0.28315430811899966,14.06381911772688
497.0,0.27911312739148975,14.195282863181575
497.5,0.2762718031932314,14.212328296465826
498.0,0.2823866616109383,13.969814675854966
498.5,0.27398352799379083,14.355927034507522
499.0,0.2781396353895894,14.131817547418992
499.5,0.2827126186172455,13.988619691300014
500.0,0.2752829125962369,14.358236517781146
500.5,0.2839761786393616,14.216949827934988
501.0,0.2815224869552439,14.363194687870372
501.5,0.2766129599314488,14.20602551142248
502.0,0.28096792476959564,13.695641555133472
502.5,0.2708043914968947,14.029055064828754
503.0,0.2760595899961954,13.97858256590457
503.5,0.2826065083473133,14.050658754263544
504.0,0.27669494224505176,14.51201551645326
504.5,0.2845191074959515,14.306156486176013
505.0,0.280816022916733,14.332114295363413
505.5,0.27470607370110356,14.310113177404418
506.0,0.28036672821132785,13.967077015777347
506.5,0.27205380467477897,14.323413550137372
507.0,0.2773036396144192,14.12046473207656
507.5,0.2825829221953907,13.95113046922966
508.0,0.2748679300836078,14.418430481604618
508.5,0.280643029836842,14.196683918360927
509.0,0.2773842539461553,14.505408119075039
509.5,0.2747596393186559,14.610219119571587
510.0,0.28349836388807387,14.212634149800243
510.5,0.27543854283788416,14.414262629832828
511.0,0.27454364422677885,14.149743146411678
511.5,0.2782134470628162,13.847556196423273
512.0,0.2723601104561328,14.26296267596259
512.5,0.28181650135782854,14.056180358509087
513.0,0.2799785876418836,14.32460859598718
513.5,0.2756337252004537,14.65077411589663
514.0,0.2821344388101759,14.39128588505027
514.5,0.273294969170315,14.880650324728448
515.0,0.2746810992133406,14.270000739387717
515.5,0.27994179197428426,13.819484828319958
516.0,0.2748235007167744,14.27955492630443
516.5,0.28270366705952904,13.871819708242697
517.0,0.27879965958750147,14.129959455801266
517.5,0.27251008676024696,14.782478746650812
518.0,0.28056107080290915,14.644201781562936
518.5,0.2736098293627116,14.927985836972177
519.0,0.27903225991452774,14.241409826237284
519.5,0.28296486049354347,13.89123661381639
520.0,0.2733032481128604,14.387255930289966
520.5,0.2808947532845301,13.873134454754002
521.0,0.2776269242458279,13.940737402490731
521.5,0.27345906202586406,14.291358108859214
522.0,0.27973375594797606,14.273959902202643
522.5,0.2715538469396372,15.081203285045358
523.0,0.2782616893856556,14.737719044789737
523.5,0.28310610581055146,14.343630734063222
524.0,0.2733311975056983,14.435611988225695
524.5,0.28176544748641386,13.717211853855758
525.0,0.2784226779009718,13.720840305035411
525.5,0.2716200715601719,14.34563902131543
526.0,0.2779509613498075,14.502101392549115
526.5,0.270849785111447,15.01463634544113
527.0,0.27856312370683545,14.618866412616404
527.5,0.28441097840960416,14.35061244668668
528.0,0.27524268611151415,14.570401901891657
528.5,0.2822085318018719,14.112102725798248
529.0,0.2777656033826393,14.176809481200262
529.5,0.2699506616279776,14.308427016305556
530.0,0.27875111643145173,13.959322920927123
530.5,0.2733550575542127,14.319276294393596
531.0,0.2789483298344266,14.711603623512813
531.5,0.2848434777140953,14.702161407521864
532.0,0.2770176380563813,15.014764469884469
532.5,0.28064300361144473,14.423846176913843
533.0,0.27526294346120905,14.27104951548838
533.5,0.2709396315383731,14.165251312977293
534.0,0.2809939795703647,14.052484081500335
534.5,0.27581807277412396,14.564025224721682
535.0,0.2803105039042534,14.44981893441986
535.5,0.2841695033637952,14.533187708041085
536.0,0.2736857056308841,15.013978515187624
536.5,0.278270079500413,14.748074196599225
537.0,0.2750856710846284,14.689086857078935
537.5,0.2738996469132244,14.572212404559197
538.0,0.28481621969935217,13.912698351766423
538.5,0.2782200682639944,14.024271691468611
539.0,0.27731334978309874,14.59063230451037
539.5,0.2794672734050454,14.789884898968813
540.0,0.2717819659475273,15.258582860414194
540.5,0.28098366217306786,14.79460321837976
541.0,0.27876133640247736,14.806703687024616
541.5,0.27380915772693887,14.993145923826008
542.0,0.2831337616875461,14.185600885491597
542.5,0.2764931508695737,14.213254523243915
543.0,0.27750132392347965,14.565801954431308
543.5,0.28047199395729,14.620234368450285
544.0,0.27272004629581975,15.170635061174087
544.5,0.2797586251890589,14.934369704448402
545.0,0.27688336527259866,14.951815556788016
545.5,0.27436046594364766,15.093412593029614
546.0,0.2838171010156221,14.63253903923966
546.5,0.2765245625832228,14.698122425880468
547.0,0.27768087245035933,14.841972555603546
547.5,0.2790405517941511,14.78761369586202
548.0,0.26896632925342995,15.149561337832818
548.5,0.27973330308708927,14.8094439117164
549.0,0.2792087319226084,14.932980465455648
549.5,0.2745287262022688,15.246501798372725
550.0,0.2815353806417037,15.105458583806302
550.5,0.27250787031298074,15.563291040160134
551.0,0.27531534714214784,14.937700980511027
551.5,0.28002736655275395,14.484790005575631
552.0,0.2728434407253221,14.757679950772705
552.5,0.28107550932979064,14.668977583230912
553.0,0.2778390826064759,15.039607110972076
553.5,0.27145948101150885,15.409296988420646
554.0,0.279329117788639,15.353608969391752
554.5,0.2731337814747971,15.744445279158146
555.0,0.27703872350152303,14.9228585149724
555.5,0.2823832290831876,14.445649720432712
556.0,0.2746917142435103,14.692622095940495
556.5,0.2815724838977244,14.457724880957835
557.0,0.2781484089992768,14.892359901974585
557.5,0.2721920884340708,15.63488704474994
558.0,0.2793131114804079,15.524129211147773
558.5,0.2720529618136423,15.688881135859285
559.0,0.27764493938503715,14.586659202862817
559.5,0.2836911170077681,14.190303560066205
560.0,0.27709953717219277,14.827264002155196
560.5,0.283051289019633,14.705772857547673
561.0,0.2785895118584508,15.046888955714307
561.5,0.2723191039987198,15.178569280584492
562.0,0.2789430809181995,14.78930264202413
562.5,0.2716749021992325,15.19113017316819
563.0,0.27705309306999465,14.740088558883105
563.5,0.28333689986500055,14.405445268240461
564.0,0.2776156782331772,14.758097507350811
564.5,0.28554446809935347,14.362824031278185
565.0,0.281213285290512,14.597505562269868
565.5,0.27338607506924006,14.903947270929304
566.0,0.27847564020172644,14.657250860963462
566.5,0.27101439125007554,14.845092992511677
567.0,0.27801609147194956,14.5084469153521
567.5,0.28518337129838445,14.370443614973368
568.0,0.2791220863123553,14.830301293150548
568.5,0.2845971881945801,14.199123795014406
569.0,0.27969608490423864,14.451470393108798
569.5,0.2735564450062881,14.909230070105156
570.0,0.28146445909385714,14.468743639385583
570.5,0.2745886508607697,14.523252368259838
571.0,0.27739318372825045,14.246012567259514
571.5,0.28228032980129186,13.967936628650827
572.0,0.27596893954222534,14.481411361216475
572.5,0.28490093105404746,14.416337535762477
573.0,0.28212527159026946,14.646694401964679
573.5,0.27632363904716734,14.603540997766519
574.0,0.28291464024483287,13.812190489605937
574.5,0.27429389033097323,14.009763021767501
575.0,0.27679225538803093,14.502714858406053
575.5,0.2833558567916831,14.461720291844992
576.0,0.2782104892429724,14.602200186162175
576.5,0.2845572575509571,14.12464896544779
577.0,0.280773119771842,14.1922603994359
577.5,0.27611502623675127,14.364219421312528
578.0,0.28276414102604436,14.105603537529605
578.5,0.2751229694999766,14.522183667594165
579.0,0.28089509825223946,14.55808085549315
579.5,0.28488900330696043,14.365076576635257
580.0,0.27458174506486943,14.338511372968076
580.5,0.2815662600503188,13.693132007372052
581.0,0.2796594815124935,14.023652771241233
581.5,0.2762841071767366,14.691765238235053
582.0,0.28464896858052824,14.438741768747116
582.5,0.2777240717448707,14.548297062677555
583.0,0.2822138539044103,14.116752835969445
583.5,0.28537971118178107,13.853527910594018
584.0,0.2746154854349964,14.28953908606645
584.5,0.280697248362355,14.247737611935822
585.0,0.2787363866345755,14.51708171538513
585.5,0.27754582968859715,14.496293852262522
586.0,0.2855442011881493,13.986231498614956
586.5,0.2776582305595315,14.2453637333447
587.0,0.28070839803714503,14.164802290723268
587.5,0.28550453735233566,14.140873854844298
588.0,0.2781603202814781,14.482509656060564
588.5,0.28371442233931154,13.969732984092683
589.0,0.2789892770734024,13.998797403324458
589.5,0.27278538635273336,14.353170749056071
590.0,0.2826434699713799,14.099397616020497
590.5,0.27841088272693065,14.393841587972904
591.0,0.28397084270480316,14.119236521815687
591.5,0.28654378828648724,13.659558338684773
592.0,0.27584189617593324,14.08609919597934
592.5,0.2827875404981884,13.850311442795537
593.0,0.27988555669539966,14.044767962565606
593.5,0.27593771566856745,14.407506726963728
594.0,0.2839305177224928,13.964593558850817
594.5,0.2764574947906804,13.927458197847455
595.0,0.28018343277898633,13.919531578496855
595.5,0.28508385793389657,13.912937155229892
596.0,0.2777625330847342,14.305807705673345
596.5,0.2849538029794862,13.854189267904896
597.0,0.28092291424210725,14.017822730325726
597.5,0.27469191936765025,14.240483527998217
598.0,0.2833659527024183,13.956449991579973
598.5,0.27687650023215943,14.29014124189386
599.0,0.2798456638705248,14.314626822633562
599.5,0.28454727686410447,14.095373232108757
600.0,0.27703708957448014,14.042030602507253
600.5,0.2847920661393143,13.646600990562119
601.0,0.2818014929270443,13.895889520463708
601.5,0.2767805538476163,14.32725023347772
602.0,0.2851880937780325,13.908734555146163
602.5,0.27792577505919114,14.27911327769021
603.0,0.27836170166268936,14.394357957594636
603.5,0.28246294812208084,14.218442210194562
604.0,0.27641586547965286,14.226445611713968
604.5,0.2845418479530896,13.550553055717318
605.0,0.28154365513891844,13.909408834265063
605.5,0.27525439734454726,14.282536060792173
606.0,0.28404786443163077,14.030089567546465
606.5,0.2777022777308279,14.53877497790143
607.0,0.28083701810719597,14.408382500191133
607.5,0.2839555523814141,13.889456664041036
608.0,0.2743062424740463,13.905538123104396
608.5,0.27975979446336446,13.720627595354872
609.0,0.2773244051055285,13.992756035823135
609.5,0.27585581423017164,14.024392183631287
610.0,0.28576176975975953,13.498133958778556
610.5,0.279071631324199,13.783354636254428
611.0,0.2801371039154162,14.038683896603002
611.5,0.28101168221169615,13.864334163786046
612.0,0.26969583185175067,13.927052713758373
612.5,0.2803741431708263,13.359967510495856
613.0,0.27959291767278954,13.48876772788489
613.5,0.27526240225937704,13.973213005393015
614.0,0.28415963932139415,13.435166402368974
614.5,0.277060127342803,13.483332151092839
615.0,0.27838396924571085,13.347532967212684
615.5,0.28041320621994853,13.359862443671805
616.0,0.27080690430759724,14.117842004659567
616.5,0.2808107936014174,13.729367037973782
617.0,0.2790408035443038,13.663908887995076
617.5,0.2739368469878868,13.620171383667213
618.0,0.2825994572160619,13.050246424666812
618.5,0.2756839406781047,13.393081174350868
619.0,0.2778547268831337,13.565743565804748
619.5,0.2803934781631246,13.424220962746574
620.0,0.27097432466448446,13.73078144443111
620.5,0.2796833461895523,13.63898927752616
621.0,0.27830203019929073,13.77468534233402
621.5,0.27584140969496457,13.61459154327205
622.0,0.28418343552759795,12.944699298662407
622.5,0.2747792653578907,13.008216225846466
623.0,0.27258778889990587,13.155879069606117
623.5,0.27665052719267574,13.335336000832257
624.0,0.2723576629134674,13.826736473876364
624.5,0.2837339819119848,13.415908618257218
625.0,0.2817898817047835,13.567546525113599
625.5,0.2745635858273631,13.382901314642119
626.0,0.28085770651263464,13.022036888538711
626.5,0.2717899822583874,13.423926738051259
627.0,0.2738555315096651,13.32324648097782
627.5,0.2796946388961483,13.029333713272022
628.0,0.27401372713832345,13.238435112638589
628.5,0.2792533048927834,13.152786071672411
629.0,0.27706171999576135,13.48413646588752
629.5,0.2765311977670712,13.684054638001648
630.0,0.28277131774174563,13.28971604733684
630.5,0.27312505588288505,13.559797127240113
631.0,0.27583032316206146,13.054328483609037
631.5,0.2783180725737213,12.802665702485655
632.0,0.2681851040128514,13.371405957649396
632.5,0.27878031102663103,13.261696829494321
633.0,0.2793570419567728,13.397897381024592
633.5,0.27682900387075765,13.553501964705355
634.0,0.2829867319108598,13.123000464052613
634.5,0.273231742946548,13.548756735621405
635.0,0.27528066599056217,13.480481721135082
635.5,0.27973782988371054,12.977467051620758
636.0,0.27204683720175493,12.88390607090334
636.5,0.2786621794354096,12.732475448094345
637.0,0.27584638419379554,13.274284594193663
637.5,0.2728336741113675,13.906749403312164
638.0,0.28091180665786336,13.612548894884483
638.5,0.2736015973111256,13.683689158632452
639.0,0.2786294866842958,12.870591144568538
639.5,0.28298041169378985,12.598634006501824
640.0,0.2737806523627292,13.113015196992512
640.5,0.2772307300207515,12.996101716983642
641.0,0.2724364750021084,13.481549576130186
641.5,0.2685952154996433,13.88344505964391
642.0,0.2792950470241165,13.132063923503402
642.5,0.2756346021309983,13.027720033184519
643.0,0.282183861113594,12.939072096457709
643.5,0.2840472628798794,12.986770393566124
644.0,0.27035279776576243,13.38196409907965
644.5,0.27590546111478975,13.11977196969791
645.0,0.27255959716630124,13.232403827570554
645.5,0.26888351846975245,12.997155994784663
646.0,0.27895985702911996,12.712165562352412
646.5,0.27410417296741996,13.147956568932274
647.0,0.2788655590344362,13.319997658390875
647.5,0.28287542195775683,13.287521720735251
648.0,0.27255305897553733,13.383640146126478
648.5,0.2768689140557565,12.75427099567611
649.0,0.27273997430649616,12.86210758406571
649.5,0.2692725475475621,12.820767023287441
650.0,0.2792740836325879,12.619556250111167
650.5,0.2734636015655733,13.28088389287695
651.0,0.2772711915509095,13.301093010460358
651.5,0.28147471552619796,13.19778070797442
652.0,0.27176393464886167,13.29856010490266
652.5,0.2763894266870928,12.654376042719885
653.0,0.2740546269401075,12.772530940469094
653.5,0.272232822458406,12.9166267401596
654.0,0.28088136644705497,12.601221916301318
654.5,0.2736404144800593,13.157024658165207
655.0,0.27534016033991704,13.262797194672263
655.5,0.278472551978722,13.061765905400481
656.0,0.2694958123280923,13.269733078583203
656.5,0.27828006517207937,12.822416933504837
657.0,0.2773406040457694,12.936212781343873
657.5,0.2730048228438138,13.08529029104626
658.0,0.28016709638172294,12.681111674253494
658.5,0.2720434819569488,13.026951378341113
659.0,0.27401734623371427,13.125287719403676
659.5,0.27861773494901576,13.178966494198578
660.0,0.2712105584035212,13.479226589441694
660.5,0.2786567082607777,13.007444348238904
661.0,0.27632390956008507,12.96743905658855
661.5,0.27225445075847565,12.999761393673078
662.0,0.28082357660670365,12.724023033713044
662.5,0.2736812644597269,13.050906085693011
663.0,0.2752006190882127,13.06817727579255
663.5,0.27849161459206223,13.049772597134176
664.0,0.26979909000852065,13.391803003572145
664.5,0.2779280821789846,12.98348786359042
665.0,0.2764865342431612,13.209797841964967
665.5,0.27330807090312637,13.555672935159434
666.0,0.281184592276273,12.750584226302475
666.5,0.27312286730001273,12.768650087784756
667.0,0.2750312208014167,12.827011313497216
667.5,0.2800688718550906,13.15247318833071
668.0,0.27343737411734526,13.835417335166575
668.5,0.2782942895900958,13.234249074801626
669.0,0.27433406452072473,13.039547633200526
669.5,0.27037569978160564,13.21464726875396
670.0,0.2809221227005291,12.875484290972288
670.5,0.27696627697645415,13.227752906807224
671.0,0.2798018272906369,13.020883220387004
671.5,0.28139533774261993,12.91996140516436
672.0,0.26979707778298495,13.229895553734865
672.5,0.2761437121550881,13.052944437432684
673.0,0.27518029593929694,13.32024557677045
673.5,0.2742050169127221,13.60517110180964
674.0,0.28204220708039157,13.130219075167556
674.5,0.27435952446019296,13.182540356832128
675.0,0.27823106609291753,12.825396750385599
675.5,0.28184402743288123,12.649453110869285
676.0,0.27291152042474864,13.270091032027892
676.5,0.2790144116101699,13.407450385916514
677.0,0.2750354513929876,13.726461260162987
677.5,0.2710703824054386,13.414399704631379
678.0,0.2812452286060905,12.814443475133864
678.5,0.27585003218636395,13.156751553574658
679.0,0.28063605822894927,13.28849729836765
679.5,0.2835197750044613,13.108154763383716
680.0,0.27235035313619815,13.47309431038661
680.5,0.2784283632825298,13.176933984247242
681.0,0.27559598097474675,13.174714520969186
681.5,0.2726110575938613,13.269755796595264
682.0,0.28176554366026674,13.069215344396797
682.5,0.27635911434978755,13.585406503377637
683.0,0.2802739867802366,13.4888466896512
683.5,0.2836194596615374,13.145956365852191
684.0,0.274132595296558,13.372337223240987
684.5,0.2792197499937496,13.2973337733321
685.0,0.27567531655660654,13.468603331814924
685.5,0.27267433923297324,13.271839799244491
686.0,0.28256673951831107,13.140763446167162
686.5,0.27667124484816674,13.697470470949842
687.0,0.2788716851036528,13.674509394207787
687.5,0.2830978973259833,13.509459736504551
688.0,0.2755111942867446,13.592334563127235
688.5,0.28186367649892735,13.410703321515069
689.0,0.27764315500542186,13.526922799944641
689.5,0.2717156589118216,13.3911867287072
690.0,0.28140073467142934,13.270451556582547
690.5,0.27605930970684467,13.882693918721706
691.0,0.27831470331846025,13.8083218556601
691.5,0.2826051341940478,13.665425456788817
692.0,0.27466776992234787,13.95248388249601
692.5,0.28317211971021294,13.456115696125737
693.0,0.27993609325392516,13.62299202109022
693.5,0.2727760073652282,14.011838971337893
694.0,0.2798572515513313,13.583223310061019
694.5,0.2735772819523799,13.879600414724138
695.0,0.27864799484615205,13.684102203836753
695.5,0.283139872846887,13.62021200195801
696.0,0.2739783897459853,14.056364748679053
696.5,0.2830815047319692,13.832993654816882
697.0,0.28037915200246305,14.055050932353483
697.5,0.27249796419518374,14.206436739077107
698.0,0.2801208966612907,13.631676384966045
698.5,0.27439586152253825,13.874806083568394
699.0,0.2782459791436932,13.592007997635617
699.5,0.2815890280108976,13.79535792215853
700.0,0.27210098487534123,14.59439160551249
700.5,0.28206013968000576,14.107115063551184
701.0,0.280239543676117,14.056402370987982
701.5,0.2730988964963263,14.135945080975452
702.0,0.2821892009162323,13.686095854483838
702.5,0.27681083599248585,13.85466456681158
703.0,0.27723452479362354,13.849732692224547
703.5,0.27926464211527485,14.008625935178788
704.0,0.26976429723986195,14.611107244458488
704.5,0.27925492920132455,14.041382132026735
705.0,0.2791301754498678,13.980467416803847
705.5,0.27696383472105035,14.228563105832919
706.0,0.2853987946018641,13.63788834390779
706.5,0.27686062973963976,13.718061888692413
707.0,0.275130778416759,13.939506059710022
707.5,0.27738047821576745,14.254239116716864
708.0,0.26990709035625055,14.733424189539933
708.5,0.2820383016748183,14.026584446391887
709.0,0.28157882866474754,13.924412487477193
709.5,0.27562569560658623,14.211962932799599
710.0,0.2826657918089975,13.837773609517248
710.5,0.27477433141771185,14.176295099622488
711.0,0.2772011382318758,14.220907892355598
711.5,0.2811293499526438,14.290661611245595
712.0,0.27217629832616835,14.606936151797061
712.5,0.2780953661970906,13.882661102655407
713.0,0.27623887251317275,14.194076690758111
713.5,0.27533135226612404,14.583078177966668
714.0,0.2853561275640539,14.114019577713785
714.5,0.27857065436173906,14.239667418365576
715.0,0.27715157028265636,14.153359437412123
715.5,0.27853775494388483,14.211862247879887
716.0,0.2705253521524448,14.793115937961982
716.5,0.2813728157525246,14.383491778511887
717.0,0.28144728936833385,14.566822897403334
717.5,0.27698295470472917,14.574065586626284
718.0,0.28236756342776825,13.96163002420041
718.5,0.273086777973648,14.396287879508673
719.0,0.2755561750911108,14.572451330226826
719.5,0.2813114467057942,14.608609380600976
720.0,0.2753585183452736,14.970846940312226
720.5,0.28250657052492695,14.314609094365618
721.0,0.27996559992010284,14.137198222558347
721.5,0.27626414566624957,14.387303962512338
722.0,0.2822715729561519,14.377504980667037
722.5,0.2729715582610044,15.070819222148767
723.0,0.27539733869129085,14.829660930214231
723.5,0.28067891112447696,14.504748342079129
724.0,0.27513773236367445,14.691870950114616
724.5,0.2844543895231709,14.322933664353867
725.0,0.28227298414036783,14.72382053930936
725.5,0.27659675736025097,14.863966606521302
726.0,0.2838386901943779,14.450039666214986
726.5,0.2753220050915661,14.894061357867173
727.0,0.27532961382745835,15.046681515475706
727.5,0.28106455741466274,14.760182336192834
728.0,0.27693024592630794,14.754986422492216
728.5,0.2845187318723802,14.512688299524283
729.0,0.28225382113225084,14.682453110885252
729.5,0.279031281641344,14.876488704102895
730.0,0.28785616134071584,14.803902448448376
730.5,0.27989217163163066,15.120386896432016
731.0,0.27855041628476296,14.785449977442894
731.5,0.28091616518558477,14.625322622595663
732.0,0.2733014792586128,14.902379234770605
732.5,0.2848799840360258,14.55583654370379
733.0,0.286199523299733,14.863757783290433
733.5,0.2833571709384728,15.35180855656961
734.0,0.2903683066825632,15.056255822980237
734.5,0.28039637473779966,15.258110614973019
735.0,0.27836529339617333,14.971129488675915
735.5,0.2815073939960346,14.800650430039264
736.0,0.27518211845084806,15.195117519878874
736.5,0.28527855013387093,15.062713097507027
737.0,0.2866921801930232,15.30590780174596
737.5,0.28628712439424814,15.34600467004944
738.0,0.29068313246099275,15.03411588444092
738.5,0.2791945645986764,15.658208848679942
739.0,0.28107977884190044,15.472556102542047
739.5,0.2840546418055606,15.185094548107507
740.0,0.2756125356754359,15.466197796739976
740.5,0.2865824845409326,15.220822176878983
741.0,0.2876158307464601,15.460753751237784
741.5,0.2854834774919112,15.47906415837492
742.0,0.29232696137552855,15.170688641944
742.5,0.2819691524530128,15.63468522866357
743.0,0.28045201498466477,16.072250924923775
743.5,0.2851615654310223,15.799633029908389
744.0,0.2802339407361472,15.70074196067288
744.5,0.289288220233096,15.183129446373254
745.0,0.2877948771926089,15.33789062489536
745.5,0.282339118716487,15.947050095659268
746.0,0.29026083746618897,15.826499479076816
746.5,0.2829336646955662,16.30639388982976
747.0,0.285013960261466,15.982386724586732
747.5,0.28844679258633876,15.800412083578415
748.0,0.28050847371197135,16.185839582836742
748.5,0.2888763613515762,15.852901248018304
749.0,0.2881622358702193,15.950097509190124
749.5,0.2861799113253805,16.25129739916893
750.0,0.29292583046578924,16.05362919426542
750.5,0.2836471875578915,16.433754499900594
751.0,0.2850462242349528,16.086145901279437
751.5,0.28926552908003805,16.071633821543692
752.0,0.28159021085609204,16.72680284172905
752.5,0.29012707618636785,16.605651187155818
753.0,0.28881934732918035,16.6636899603116
753.5,0.28564903654220075,16.477478264062054
754.0,0.29379552257773395,15.958604893011307
754.5,0.2858383719940437,16.34611135281005
755.0,0.2859961163223246,16.33851375160748
755.5,0.28896468884305765,16.64985130105613
756.0,0.28048330530681126,17.44881757191971
756.5,0.2897136558240115,16.71350498678713
757.0,0.2899541827415193,16.484331335817306
757.5,0.28761016070239903,16.411296970972685
758.0,0.2933260255533156,16.11160776139584
758.5,0.28368248896246867,16.676395392679968
759.0,0.28598333459247577,16.918986994896617
759.5,0.28993357808306275,16.66535822781977
760.0,0.2812956465084375,16.82875954281496
760.5,0.2905646562652513,16.43033227130914
761.0,0.2891567374026614,16.779101919632364
761.5,0.2833392690712238,17.098641730000505
762.0,0.290144203307731,16.543186390235448
762.5,0.28403922652105545,16.822368316057656
763.0,0.2904858848987352,16.802813129545886
763.5,0.2936660699397162,16.443041060052938
764.0,0.2811686379075071,16.495962395776314
764.5,0.28618375948244196,16.441188996488727
765.0,0.28477493517188585,16.924356003711704
765.5,0.28537344133817766,17.020403797231797
766.0,0.2933285630882648,16.636036231932117
766.5,0.2849558786801808,16.991325604619334
767.0,0.2863912503213705,16.552858987889202
767.5,0.29054376511634145,16.285912190299797
768.0,0.2830805048100626,16.64438805347942
768.5,0.289189101495153,16.49493341292331
769.0,0.28577453877157893,16.647259847169153
769.5,0.28156867491623117,16.967960350284958
770.0,0.2902747404572334,16.746309606934464
770.5,0.2839668727566595,17.011058820140146
771.0,0.2864997566972813,16.6283756125376
771.5,0.2907877523575564,16.32826239454904
772.0,0.28285806989915535,16.658693790231563
772.5,0.28913721215264215,16.453964165856558
773.0,0.2849958949788711,16.806364932838633
773.5,0.27904796000707377,16.918576625617582
774.0,0.2885134400710101,16.488558009845857
774.5,0.28344667572467735,16.712220996812974
775.0,0.2870144055185598,16.556387234829273
775.5,0.2907631049658588,16.46911246659153
776.0,0.28099780409799613,16.809672027197944
776.5,0.28851543323337125,16.41638898431863
777.0,0.2862936542038371,16.48523498089492
777.5,0.28169657307726664,16.58370630048468
778.0,0.28788618752582207,16.43576777055959
778.5,0.27991833318807363,16.865324566450084
779.0,0.28522956431901897,16.53137555868367
779.5,0.2902042810998211,16.333783302069747
780.0,0.28124374981930456,16.65683476942392
780.5,0.28808929636211356,16.229744589576423
781.0,0.28561933863243827,16.36398329791079
781.5,0.2810359323764355,16.564477825782216
782.0,0.2876159882570161,16.15104724213801
782.5,0.2805883784052372,16.34987246271409
783.0,0.28520278702447466,15.970049319045307
783.5,0.288637149442277,16.0175205079863
784.0,0.27860856019862434,16.695006206334266
784.5,0.28713993806555027,16.425864110533535
785.0,0.28529724038870463,16.293480197451217
785.5,0.2802640870945243,16.20775459040024
786.0,0.2891233630864597,15.81483200130798
786.5,0.2824492137339948,16.367079271498838
787.0,0.2811471765541928,16.240524038731696
787.5,0.2838316498399187,16.17933597712136
788.0,0.2767764325380965,16.607635601893875
788.5,0.2872302050238467,15.816417365369812
789.0,0.2872078211367524,15.848710201478903
789.5,0.28245649862670963,16.023892685403535
790.0,0.28695798841587206,15.93568368693784
790.5,0.2766919639293935,16.449058569517156
791.0,0.27974301651439154,15.968420849377077
791.5,0.2855672073658163,15.657041452047793
792.0,0.280146078109658,16.0760459351218
792.5,0.28770709239005365,15.548783287486234
793.0,0.28446213644358054,15.885314220958913
793.5,0.2784066034324206,16.200850309072436
794.0,0.28648508664020617,15.79223731637011
794.5,0.2801963628999023,16.00208136588423
795.0,0.28296588472981793,15.811641541537801
795.5,0.2861418498924444,15.466388471707836
796.0,0.2761031514365618,15.81002304397344
796.5,0.2846917450906395,15.621567037237194
797.0,0.2836897399605802,15.901861703074047
797.5,0.2807047927300377,16.14082487786688
798.0,0.28911717167095413,15.607374696535404
798.5,0.2812817982900966,15.544713608743388
799.0,0.2823812333508617,15.415438034403651
799.5,0.2847816486799543,15.447586083448035
800.0,0.27491805583778434,16.086258248735927
800.5,0.2827322648290534,15.770907811060708
801.0,0.28270929324070637,15.86660880609243
801.5,0.2817524991328131,15.81214665951944
802.0,0.2888724478381587,15.356962977960853
802.5,0.28027686322470885,15.711321869356434
803.0,0.28290347981682773,15.39493124737107
803.5,0.28492910464716764,15.419359002144725
804.0,0.27322599178196355,16.1616135789374
804.5,0.28070137071189244,15.669027487419934
805.0,0.28092285378015375,15.634263412468473
805.5,0.2804552890207169,15.616564522579726
806.0,0.28937830439087636,15.33118796291911
806.5,0.2820016309914606,15.681704820785864
807.0,0.28344803615374187,15.43363063104668
807.5,0.2843264038201311,15.444407896709677
808.0,0.27244919712606264,16.12365517052128
808.5,0.28111388876083016,15.579308956226331
809.0,0.2811790881057868,15.51326463171089
809.5,0.27819055179687086,15.601796758099777
810.0,0.2886526358683131,15.20458693846404
810.5,0.28333202644541106,15.544675521608443
811.0,0.28429994158758937,15.751647012585623
811.5,0.2858468355148775,15.438818437389706
812.0,0.27520614023363715,15.635020779085083
812.5,0.28052335530824374,15.125722744687044
813.0,0.2788866742640989,15.424276185538641
813.5,0.277222398345932,15.72856267642521
814.0,0.287207111687214,15.338273673772903
814.5,0.2820066716765019,15.691232728394477
815.0,0.28567661669262884,15.534192607907995
815.5,0.28727381966520166,15.269565971241201
816.0,0.27539788000116555,15.435308379056622
816.5,0.28065420354004544,15.068582832317267
817.0,0.27819775018985304,15.389714879309311
817.5,0.2754833031936593,15.561032562886458
818.0,0.2862495905155797,15.223720903472397
818.5,0.2815322468466763,15.863444272119407
819.0,0.28303222252695553,15.805368087193907
819.5,0.28566596736828204,15.282962980339567
820.0,0.27624667155874694,15.179840138179932
820.5,0.28225234866810023,14.941562181956034
821.0,0.2800109880199275,15.240743341757776
821.5,0.2773964055657603,15.478402222941288
822.0,0.2849749698613755,15.485947370980773
822.5,0.27686659697752936,16.016957218141382
823.0,0.27934922395352624,15.629206240450776
823.5,0.28528719267005803,15.24506354252961
824.0,0.27935728588524805,15.478672511591002
824.5,0.2857864817419167,14.88941045626675
825.0,0.2821516796787753,15.080048261213275
825.5,0.2765348809216017,15.472758866385151
826.0,0.2825276081512505,15.410679345588559
826.5,0.27466943018964357,15.922722815407516
827.0,0.2815454923545745,15.427216156113516
827.5,0.28611542818192126,15.23606450748208
828.0,0.27556422578887957,15.551489447426032
828.5,0.28433424298422866,15.015748935007455
829.0,0.2829614057807982,15.029755335477237
829.5,0.2767538480786387,15.02168661006557
830.0,0.2832623532590827,15.010127105271899
830.5,0.2748863157325306,15.759766308571285
831.0,0.2773882704385832,15.768775513448741
831.5,0.28447502882133213,15.237353178584755
832.0,0.27916346039852297,15.02383558887113
832.5,0.2845586735663074,14.8005779892112
833.0,0.2800832554601269,15.210849089667255
833.5,0.2749532665963905,15.45720399014068
834.0,0.2848989825711982,14.935967781244369
834.5,0.2793808500658338,15.083242571026984
835.0,0.27954354455769254,14.961515016703109
835.5,0.2824662240912376,15.007972754645298
836.0,0.27414408576732696,15.790712291524784
836.5,0.2807524359619673,15.270293689758097
837.0,0.2801435056784229,15.209497811357368
837.5,0.2785512850510606,14.852017745990656
838.0,0.2858219443223255,14.643375851287107
838.5,0.2775488812356232,15.257786130226007
839.0,0.28024691307014804,14.981768137897312
839.5,0.2823136969937892,14.908286261150979
840.0,0.2713667860245719,15.426211525507828
840.5,0.2799126116352052,15.043028808812322
841.0,0.2789227433851285,15.171595585721457
841.5,0.2752307008527062,15.396614354427653
842.0,0.285440174730444,15.066067426243064
842.5,0.2788843489507678,15.248870232244103
843.0,0.2784053506942671,14.729514573322536
843.5,0.2810418286515645,14.585848395775532
844.0,0.27303461000382606,15.099364117679137
844.5,0.27909229130133,15.113267001481903
845.0,0.2771532388722118,15.469031439012662
845.5,0.27487553740072734,15.767031765486445
846.0,0.2848177931524271,15.15564482051544
846.5,0.2785979191198313,15.090980935498065
847.0,0.2809057396856311,14.705901067207575
847.5,0.2827148453917256,14.428503560754752
848.0,0.2710432400580432,14.951464955181347
848.5,0.27777180532727297,15.173641845707364
849.0,0.2777446082416154,15.522728973102977
849.5,0.27801382094990146,15.62713363041756
850.0,0.2846391819456726,14.72167314215308
850.5,0.2751610897320111,14.70555417369598
851.0,0.27641705724140425,14.877376134621175
851.5,0.2802915127247557,14.82009315173976
852.0,0.2730016342072414,15.000035409923354
852.5,0.2807174959183085,14.701777881865619
853.0,0.2781498630407402,15.077081046599307
853.5,0.2718757440959703,15.316728242984086
854.0,0.28003949913918125,14.700864976657499
854.5,0.27376744604893843,15.016525204190186
855.0,0.27675862685773134,15.036988356129099
855.5,0.2808504252220648,14.593285388886763
856.0,0.27280811397304205,14.826001390131559
856.5,0.2793247668718543,14.755236045015044
857.0,0.2764113678734913,14.92389877888191
857.5,0.27216922204919297,14.641820451420772
858.0,0.28043551601859157,14.379100794926714
858.5,0.27387504575328653,15.127933711736699
859.0,0.2772174226517585,15.073036289852842
859.5,0.28104203993224525,14.696946502538692
860.0,0.2714297437464669,14.992761211008489
860.5,0.27866538447424166,14.46020581825018
861.0,0.2765558727312569,14.391039841114825
861.5,0.27338589091475674,14.494738180999223
862.0,0.2806507056437194,14.246447356826222
862.5,0.27288159916438165,14.896069426159151
863.0,0.27593346671388014,14.999654404997452
863.5,0.2801334264750113,14.897155189575523
864.0,0.2711826791901166,14.886621822872737
864.5,0.27716937138777026,14.129052269630437
865.0,0.27565111475775367,14.143381290018368
865.5,0.2729844183533364,14.363188549890785
866.0,0.2795253798213079,14.262014108303859
866.5,0.2714739674812758,14.826605461323611
867.0,0.27529541931609547,14.520988348682208
867.5,0.2801086721414731,14.417135441525048
868.0,0.27156815275654816,14.800647000892491
868.5,0.27714192340607985,14.000094317821695
869.0,0.2736265139395384,14.20693652494554
869.5,0.2692639721587318,14.697585144454358
870.0,0.2808913197504096,14.060742898778033
870.5,0.27629349092890276,14.131892730122093
871.0,0.2743761895774908,14.07465560479293
871.5,0.2761249311579638,14.216977937433597
872.0,0.267899906863831,14.692327257315362
872.5,0.2773228985418995,14.265788663549955
873.0,0.27672646914982363,14.135664238232362
873.5,0.27273162093823305,13.887903219046743
874.0,0.278886037291002,14.026961999893764
874.5,0.27004486368636826,14.593225664501714
875.0,0.2719886471203865,14.039411396659819
875.5,0.277641763905948,13.808108069415878
876.0,0.27190858083288244,14.199170588702573
876.5,0.27937285958874986,14.089340430672783
877.0,0.2758596416955754,14.438390478583246
877.5,0.26895009009169124,14.9502510882292
878.0,0.2770639125250425,14.153578910960027
878.5,0.2713249641825323,14.157910570073861
879.0,0.2735292853238774,14.020444734613998
879.5,0.27763818453694955,13.939334231558378
880.0,0.2707073336380534,14.388670793511377
880.5,0.2792708407227325,14.210844313157054
881.0,0.2762968670680485,14.473319293114267
881.5,0.26972381417036145,14.539887435860862
882.0,0.2791712179977483,14.039573224244638
882.5,0.27325152496453675,14.353239480004056
883.0,0.2734611853823496,14.005423279575364
883.5,0.2769923163923186,13.828023701294818
884.0,0.2699675457706235,14.301869912359034
884.5,0.2798123619475909,14.27869967912498
885.0,0.2778187263978501,14.508631209221841
885.5,0.2713225457600839,14.48925729727456
886.0,0.27742632352983615,14.037736329815008
886.5,0.26973937105375717,14.246354516258577
887.0,0.27517073271019027,13.956672656158467
887.5,0.28086297193486137,13.979833418845226
888.0,0.2731935661466686,14.717914204106684
888.5,0.27874079382503086,14.41384313785809
889.0,0.27561660958467404,14.267235277119354
889.5,0.2722858372705396,13.915047797969844
890.0,0.2793587472127979,13.616352533282072
890.5,0.27236186873260476,14.229181368960486
891.0,0.27567606201694095,14.62000000865395
891.5,0.2810231880634752,14.448470453383448
892.0,0.27418017048533244,14.463115262565646
892.5,0.2790352879538768,13.976316167540688
893.0,0.2756824185346817,14.012868445802232
893.5,0.2717577387213605,13.820582575802256
894.0,0.27915621008642083,13.49787025045995
894.5,0.27312876157259014,14.303777121476001
895.0,0.2784416400766715,14.748725129184562
895.5,0.2836314988862571,14.618493884160355
896.0,0.27478402081451436,14.622423046811265
896.5,0.2773881043930413,13.953332599389567
897.0,0.27317642554377175,13.798816917872507
897.5,0.272685119297305,13.93285656650582
898.0,0.282697414331299,14.092769768450612
898.5,0.2764706320507609,14.753081878369283
899.0,0.2796543634933649,14.702766412831892
899.5,0.28270620548220915,14.325588899049853
900.0,0.2729361234444694,14.27494803912067
900.5,0.2801805008681626,13.93199963876888
901.0,0.27744720620883967,14.090890648993762
901.5,0.2723454911654796,14.44057842934856
902.0,0.2814442770972459,14.188614887083135
902.5,0.2758490934811535,14.509660408630713
903.0,0.27873747674406135,14.300923350738573
903.5,0.2835581729457293,13.962633815893476
904.0,0.27619036644751044,14.427601375130674
904.5,0.2802647478343164,14.285480268212652
905.0,0.2763005186870951,14.568798822998481
905.5,0.27195853145162535,14.58288104074259
906.0,0.28192159958496565,14.092156890658517
906.5,0.2771857808472387,14.32493447291041
907.0,0.27798951864368276,14.284026333376302
907.5,0.28280232577191067,14.179078210681272
908.0,0.27658101627001735,14.423754083944617
908.5,0.28324419762523684,14.418791156422353
909.0,0.27893649869785764,14.806044314456098
909.5,0.27168967856581744,14.95779955690695
910.0,0.28150297378906797,14.255585693761924
910.5,0.2763759863883174,14.350607899374344
911.0,0.2808325620739594,13.988257696358227
911.5,0.2848515383996952,14.041930239654885
912.0,0.2762841317282994,14.899480078475563
912.5,0.28333944067502925,14.84092806685014
913.0,0.2793396521914793,14.872264926852065
913.5,0.27344858136400946,14.778774859781821
914.0,0.2831759553249212,14.230683291138382
914.5,0.2781719163369732,14.603297856758136
915.0,0.2811725128275436,14.26916289850293
915.5,0.2844793539910586,14.318706111596534
916.0,0.27551166808955085,15.111509152395397
916.5,0.2827823951550284,14.845463228445903
917.0,0.28047598735646917,14.900036324109143
917.5,0.276720584832006,14.897596619400296
918.0,0.2858901932036347,14.538077198594463
918.5,0.27979088329515217,14.775482773540968
919.0,0.28043098299671954,14.4536951398568
919.5,0.2843755626542043,14.30794873852403
920.0,0.27669462086487506,14.831310891681419
920.5,0.2832490126748265,15.30242547766262
921.0,0.28144928888837417,15.568924013624795
921.5,0.2787214696758608,15.196036302194846
922.0,0.28685103890944397,14.460107716201602
922.5,0.28025688775895274,14.495301263630452
923.0,0.28205000260366914,14.406704316503014
923.5,0.2861609516616297,14.583426576081845
924.0,0.27881802416632206,15.413311805915903
924.5,0.28560016168772007,15.375478670387597
925.0,0.2826634225730439,15.258177063059593
925.5,0.2786040712990248,14.93991863094968
926.0,0.2874283874899506,14.408836680600958
926.5,0.2813376003237696,14.862278461970371
927.0,0.28451825665237873,14.99071438833797
927.5,0.2892155232614916,14.956238567457342
928.0,0.28017672011671374,15.281874245962067
928.5,0.2853146807241717,15.097457632522646
929.0,0.2833907063291003,15.408813570202973
929.5,0.28073456753191495,15.552889054105664
930.0,0.2889755500520901,14.92452706444612
930.5,0.28302833020782037,14.942622472640965
931.0,0.287648704437739,14.753607558848111
931.5,0.2899039554735305,15.069310333269193
932.0,0.27783186831916484,15.860054098771256
932.5,0.28706552263363955,15.386094558973591
933.0,0.2857378378618825,15.393372753436484
933.5,0.2804226847239952,15.497002825034278
934.0,0.28790405692608606,15.217381880999014
934.5,0.281202688328979,15.543904564319698
935.0,0.2858052031889227,15.191064958711932
935.5,0.2911189817671911,15.183028079354163
936.0,0.28289864946523635,15.816748044436205
936.5,0.28722715966019907,15.538488116024336
937.0,0.2820336316513657,15.598729069854267
937.5,0.27668133131339084,15.610050908862105
938.0,0.28796304875953255,15.38478877099422
938.5,0.28432515861476326,15.822823467620825
939.0,0.28766854091662225,15.448706020163394
939.5,0.2894085174371126,15.175514390184478
940.0,0.27809665586296295,15.632336538327033
940.5,0.28713838326061736,15.316716562058069
941.0,0.28519478243612756,15.70362010899502
941.5,0.27802764778162353,16.278644963531807
942.0,0.2861787983618981,15.58621732652783
942.5,0.2808133933220208,15.465995864054253
943.0,0.2840687716599677,15.190729639481612
943.5,0.2887929109898054,15.385212694663768
944.0,0.28150329194540946,16.020320264529442
944.5,0.28748988811110776,15.672227111396804
945.0,0.2837691766729281,15.70705549045307
945.5,0.27737449956527893,15.59962983187372
946.0,0.28590361675251963,15.25008563525232
946.5,0.28060319681778345,15.593091027982416
947.0,0.28382911112994486,15.749941641591745
947.5,0.2880207690554329,15.620386507907911
948.0,0.27999177521764174,15.930056038572026
948.5,0.2861393863698555,15.402174575227692
949.0,0.28329738050924286,15.420004677010635
949.5,0.27948913672973885,15.65280171109645
950.0,0.28827736717575486,15.479571103752482
950.5,0.28121398049015384,16.00421885956948
951.0,0.28105721770012343,15.74210084346526
951.5,0.2849040177510721,15.374335268453166
952.0,0.2781027501966353,15.712493056275258
952.5,0.2870619000127701,15.635786242310122
953.0,0.28591709307393454,15.79914586929524
953.5,0.2820018667999732,15.73756156085927
954.0,0.28752293760047215,15.319474470941755
954.5,0.27748962099044483,15.807677156760144
955.0,0.2765228717596056,15.78526355904078
955.5,0.2834831270462332,15.561337814808567
956.0,0.28137170135703227,15.822118299615425
956.5,0.2891839030653261,15.552730312553255
957.0,0.28512052723078446,15.56078544850362
957.5,0.2763342753101861,15.501082803791304
958.0,0.2848188847894179,15.423067916178926
958.5,0.279612396742875,16.03388978776984
959.0,0.28262743274892993,15.540344010528065
959.5,0.2857914183008911,15.310512463665678
960.0,0.2757166434933822,15.708476338090167
960.5,0.2836635032557866,15.351336177558128
961.0,0.28293985083058926,15.543528633600193
961.5,0.2792222634229181,15.819169220360644
962.0,0.28890639756090336,15.50914905197916
962.5,0.281747796870945,15.666629632128831
963.0,0.2793981975116861,15.202196083917597
963.5,0.2823350229140647,15.154781875960945
964.0,0.2749911776824067,15.745794408613548
964.5,0.2832653106869455,15.619718911220007
965.0,0.2822642001838782,15.751733912422788
965.5,0.2785497591376491,15.544475806003723
966.0,0.28801156189117905,14.986971185502503
966.5,0.2814927075193975,15.318492898649136
967.0,0.2816941946985249,15.483303451894866
967.5,0.2830109838032937,15.386894285545743
968.0,0.27241298654342766,15.61341779669711
968.5,0.2798592273033387,15.254283078378597
969.0,0.2797115145162803,15.230875060031462
969.5,0.27924385979600985,15.501476919781636
970.0,0.28949029627553413,14.986673808514173
970.5,0.2827579387981443,15.188070154461201
971.0,0.28045616627701975,15.422937462792886
971.5,0.2807631756390432,15.20339653665779
972.0,0.27120025883447424,15.612302802659666
972.5,0.28063404365760647,15.136344529344084
973.0,0.28119473287139285,15.034460106962353
973.5,0.27797652110018367,14.954288369616553
974.0,0.28700818292207436,14.913491447332412
974.5,0.2800384169171532,15.496687618317544
975.0,0.2790446977988286,15.196472687979808
975.5,0.2819436843344182,14.97104463006472
976.0,0.2742177035060308,15.336675424408035
976.5,0.2811487545333297,14.534428265367895
977.0,0.28045195650188853,14.64068922595634
977.5,0.2778864384451221,15.103242437179839
978.0,0.28433619283814787,15.187629067180882
978.5,0.27526730740453326,15.575439243017406
979.0,0.2781753066185653,14.885490452906561
979.5,0.28476679011704525,14.34161030926736
980.0,0.2788966360249537,14.63438868923275
980.5,0.28259782733193095,14.832217225426755
981.0,0.27781914338444125,15.254791136435921
981.5,0.27314615883974386,15.143951226474847
982.0,0.28224810033617126,14.66238468953816
982.5,0.2764552114564955,14.85353161646335
983.0,0.27952503615403196,14.694318963747454
983.5,0.28443030546410186,14.411734601717653
984.0,0.27673746323275383,14.491452757313127
984.5,0.2826530981898792,14.501515192933734
985.0,0.27978351969789816,14.87626492155616
985.5,0.2747065954626748,15.111740696915698
986.0,0.28178746063687815,14.638066591523987
986.5,0.2748465834638788,14.807210043213608
987.0,0.27845277167633975,14.122473448840001
987.5,0.2836747907029013,14.183805247208856
988.0,0.27610371011159707,15.078018051307295
988.5,0.28422223158522925,14.661941725820103
989.0,0.28134495692594924,14.619560740019711
989.5,0.2748547901843748,14.631689573399447
990.0,0.2825493725550859,14.282226569875679
990.5,0.27506334084820044,14.75476556787498
991.0,0.2761903020263972,14.552945220748299
991.5,0.28166324921324026,14.464735835061331
992.0,0.27643786007208443,14.667751520801398
992.5,0.2834556440784846,14.258649462915265
993.0,0.2800411505455599,14.434064414783347
993.5,0.2747344503541938,14.69678101082794
994.0,0.2825951541682358,14.280475241776685
994.5,0.2759999204580617,14.595972844045066
995.0,0.27897005321875007,14.33169522151682
995.5,0.28146913679465313,14.226676429200063
996.0,0.2706673956500502,14.764490755733538
996.5,0.27995928620364385,14.342112567810602
997.0,0.28165835044569104,14.446785153647042
997.5,0.28050152204580625,14.614535274892482
998.0,0.2862556884945041,14.089367866857947
998.5,0.2756113773387626,14.360281976198861
999.0,0.273614529176364,14.290030511473478
999.5,0.2788287296035917,14.386325552365776
1000.0,0.27415227661252073,15.020980502995283
