100.0,0.0,0.0,0.0,0.0,0.0,0.0,0.0,0.0,0.0,0.0,0.0,0.0,0.0,0.0,0.0,0.0,0.0,0.0,0.0,0.0,0.0,0.0,0.0,0.0
0.1,-0.4997783869228631,-0.4997782889178393,0.4997783632720977,0.4997783582668637,-0.4997782963576234,-0.49977831251305327,0.49977830813058444,0.49977829313473365,-0.4997783565272225,-0.49977832969269786,0.49977833606306254,0.4997782855054871,3.9857914076520704e-7,3.7392204134693246e-7,3.770114803003849e-7,3.612380347090826e-7,3.539082106523015e-7,3.919959382428841e-7,3.8197020134284777e-7,3.687097735745224e-7,3.6984516589240975e-7,3.887757874842027e-7,3.7378049160811247e-7,3.563272218491401e-7
0.12589254117941673,-0.4996518614492946,-0.49965162005462976,0.49965180323088126,0.4996517909304646,-0.4996516384230389,-0.4996516781538012,0.4996516673760779,0.4996516304555082,-0.4996517866292163,-0.4996517204841393,0.4996517362078662,0.49965161168081357,9.817366562662197e-7,9.210011658917205e-7,9.286216280944712e-7,8.897443826521264e-7,8.717316788689603e-7,9.654815166326394e-7,9.408169096426507e-7,9.081981397494919e-7,9.1092982961035e-7,9.57581147007766e-7,9.206703366867074e-7,8.776745335668467e-7
0.15848931924611134,-0.49945590385348215,-0.4994553162806507,0.4994557622796578,0.4994557324455443,-0.49945536115815303,-0.4994554576336095,0.4994554314622043,0.49945534165420824,-0.49945572191479176,-0.4994555607250547,0.4994555991238396,0.49945529601799543,2.389624372032821e-6,2.2417773418746616e-6,2.260366691166732e-6,2.1656395228408162e-6,2.12195358980329e-6,2.3499068429247196e-6,2.2899835628701167e-6,2.2107489007644843e-6,2.2171522413420654e-6,2.330794193230529e-6,2.2410413360480634e-6,2.1363603449969545e-6
0.19952623149688797,-0.49915650404425665,-0.49915510130065044,0.4991561665496561,0.4991560957156932,-0.49915520906579364,-0.49915543853828487,0.4991553762821651,0.4991551621015289,-0.4991560703553479,-0.49915568484719497,0.4991557769871938,0.49915505337758137,5.704852466739458e-6,5.351838665139104e-6,5.39636216462711e-6,5.169866051865997e-6,5.066164138512139e-6,5.6094826432186735e-6,5.466835970582992e-6,5.278267238740166e-6,5.292653006204878e-6,5.564281846970878e-6,5.350345292224097e-6,5.100341208754545e-6
0.251188643150958,-0.49870884399896015,-0.4987056018564353,0.49870806565413955,0.49870790329572134,-0.49870585316916416,-0.4987063806303781,0.4987062374881616,0.49870574325178235,-0.49870784394673756,-0.49870695051736,0.49870716513448526,0.4987054927147755,1.3185270218290694e-5,1.2369146929910204e-5,1.2472525310339387e-5,1.1947859710504857e-5,1.171028092491139e-5,1.29629664314783e-5,1.2634689802673284e-5,1.220089375061e-5,1.2231028430100126e-5,1.285995903472994e-5,1.2366658724088868e-5,1.1788512163146242e-5
0.31622776601683794,-0.4980622243431124,-0.4980551401744485,0.49806052887477553,0.49806017832836735,-0.4980556965328014,-0.4980568401982817,0.49805652958635144,0.49805545225804077,-0.49806004653311464,-0.498058086861293,0.49805856107796626,0.4980549070077032,2.880825711396036e-5,2.7024206523504872e-5,2.7251389589472645e-5,2.6101601958047732e-5,2.5589260239494195e-5,2.8316880232081324e-5,2.760394199731713e-5,2.6662308181086654e-5,2.6718595476087165e-5,2.8096236334565253e-5,2.7021989376185306e-5,2.5757790639666754e-5
0.3981071705534972,-0.49717838315479806,-0.4971644456312057,0.49717505930588934,0.49717437922064933,-0.4971655584780603,-0.4971677892638455,0.4971671821645074,0.4971650693035277,-0.4971741159537248,-0.49717024302159657,0.4971711889227936,0.4971640006315661,5.666737723610166e-5,5.315475713400023e-5,5.360374991964109e-5,5.133524182832448e-5,5.0344110899589856e-5,5.568865806394499e-5,5.429575558297399e-5,5.245690701855144e-5,5.254621057187318e-5,5.526422694278006e-5,5.3159068840802976e-5,5.066983657480248e-5
0.5011872336272722,-0.496072027054594,-0.4960502829903096,0.49606683761286935,0.49606577326438095,-0.49605202881793314,-0.4960555215956756,0.49605456580957524,0.4960512748522641,-0.4960653707809137,-0.4960593310345985,0.4960608107126235,0.49604959842557766,8.835537231480533e-5,8.286979884521754e-5,8.356205497912364e-5,8.003564115318056e-5,7.849622579775002e-5,8.68390922508148e-5,8.466205142357178e-5,8.17862152296885e-5,8.193389429247757e-5,8.617159422202026e-5,8.288604210304195e-5,7.900241408214016e-5
0.6309573444801932,-0.4948643027690495,-0.4948510938276406,0.4948608446386245,0.494859944317484,-0.49485183429587687,-0.4948545094447001,0.4948537570487749,0.4948516632983868,-0.49485986957890016,-0.4948566246373778,0.4948572682846562,0.49485045976390946,5.3466731108860904e-5,5.013816194931282e-5,5.043939980670783e-5,4.857077088365981e-5,4.731891246196025e-5,5.291429122325202e-5,5.1335880078891534e-5,4.920801219295499e-5,4.9880177163136534e-5,5.2238766125431945e-5,5.004274087138004e-5,4.774127826702911e-5
0.7943282347242815,-0.4937729140889141,-0.49384819982874223,0.49378805758005434,0.4937893473157462,-0.4938388975638401,-0.4938318096812349,0.4938336593622143,0.49384409084572456,-0.49379219892223003,-0.4938171301908826,0.4938094924111094,0.49384828575073436,0.00030866961428730204,0.000289345360200483,0.00029273768387975176,0.0002783150814150233,0.00027618126379483295,0.00030002238438426963,0.0002948233119819859,0.0002881940930877968,0.00028376606017265014,0.00029996874851170516,0.0002903231979098677,0.000276988365127064
1.0,-0.49289666121560294,-0.49328190218314066,0.4929736977201303,0.4929792668674113,-0.49323283619416886,-0.49319754354058815,0.4932067821628685,0.4932600897634169,-0.49299406763472,-0.493122751499786,0.4930829290623023,0.4932812630433554,0.0015787099408970525,0.00147947725485844,0.0014967672464840048,0.0014226092973628657,0.001413365994274443,0.0015342145054810703,0.001507926434697064,0.001474843463678183,0.0014508327692112468,0.001533850738375747,0.00148508505991308,0.00141747335352295
1.2589254117941673,-0.4919833835950024,-0.4930030404296291,0.49218012323543675,0.49218548193790584,-0.49286171063199286,-0.4927834244413792,0.4928028588776842,0.49294220961285484,-0.49222924402469254,-0.49258163140506794,0.492469422232183,0.4929936604315435,0.004187915878856699,0.003923738171368043,0.003972429094871284,0.003769184317702727,0.003757302835501825,0.004062112254224813,0.00399830366390421,0.0039216092271273355,0.0038426437070121114,0.0040649668234747005,0.003942374387786012,0.0037667647079991286
1.5848931924611136,-0.49116825976856326,-0.49278984457822933,0.4915163526595928,0.4915545496630476,-0.4926047779357011,-0.4924335192991875,0.4924745276810852,0.49270408361448903,-0.49161068321636325,-0.49211895426655594,0.49196705993456236,0.4928037678968353,0.006592556174617596,0.006180858887834985,0.006258000024266457,0.00595521031068325,0.005897577961821123,0.0064304665432275785,0.006306831083121106,0.006156890080813756,0.006078625948794129,0.006414537926235148,0.006214437831868129,0.005918401258759816
1.9952623149688795,-0.49148207341426303,-0.49314429462457154,0.49213925025087263,0.49246891631394835,-0.49329190834025455,-0.4926990733956159,0.4928488920568471,0.4931294529296965,-0.4923904412211179,-0.4924555861585255,0.49251365911501616,0.49340138515254717,0.006490961091924046,0.006140628340090238,0.006191026407084188,0.006108064291276977,0.0057628598956075685,0.006657571349693649,0.006342095130532941,0.0059591267220806205,0.006335501523961724,0.006458554637985151,0.006148297051740012,0.0058322888791184765
2.51188643150958,-0.4925723506717987,-0.49382538384098196,0.49340437313405244,0.4939099551302522,-0.49434307973742364,-0.4933430823178252,0.49362280952127535,0.49395591473799766,-0.49368203845231284,-0.4932847352540642,0.49355751059709163,0.4943088551896265,0.006284235476259898,0.005876702718325043,0.005926722327718798,0.006051706600576716,0.005640491380816311,0.006630301316726498,0.006191600882770297,0.0056169983273905155,0.006465740815921844,0.006200368064161203,0.0056766657714420144,0.005833967877417204
3.1622776601683795,-0.4953585988683619,-0.49480043554824615,0.4953713439869835,0.4950763564309898,-0.4952501317113786,-0.49453572671145046,0.49486241747062665,0.495269883912522,-0.49491303731829517,-0.4948839435842169,0.49499998239670756,0.4950302720314274,0.004220167927069774,0.003538599087994013,0.0037004444777571947,0.003761413124868987,0.0036733901418145474,0.00404277461808843,0.0038751385838816997,0.0030284974670992076,0.004096062677161859,0.0036385151446112983,0.0035486826415100452,0.0037096428925792527
3.9810717055349722,-0.4949595418711752,-0.49534246665714926,0.49510129590875657,0.49489848374762385,-0.49489531021261596,-0.49543345747489387,0.495350580019998,0.4951832052761607,-0.4947532370103954,-0.4955036529066869,0.49567443175712345,0.4947140093385182,0.002652836417342911,0.003096096317453822,0.0031243370655173394,0.003452533164497116,0.0030951569992329446,0.0028905490231077424,0.002820202348813904,0.003088178712553614,0.0029718270094704607,0.0029045576737767474,0.0028309506404480184,0.0030798679030883845
5.011872336272722,-0.4928026082091535,-0.4938366824739511,0.4928876780218487,0.49316863448420334,-0.4939661728787733,-0.4942498248042217,0.493810993093623,0.4942519012687641,-0.4939205153794896,-0.4936757537812826,0.493067607790308,0.49417512657962526,0.00454551813116569,0.003647269406335163,0.004130978812122835,0.004210767982203785,0.003932355321431951,0.003647680419326858,0.004089703721873154,0.003631798881321636,0.0038908094718855665,0.003947583880283741,0.004005487195069946,0.003695202442842281
6.309573444801933,-0.49268958417868786,-0.4929102032450358,0.4929908271655614,0.4928299088656163,-0.49352368112181805,-0.4922884130891179,0.4927117253172537,0.49248504726222153,-0.49277237536192586,-0.49259196875800704,0.49354869208379304,0.49283814309899276,0.005919221016868101,0.005914743429569,0.005724642546455505,0.005848933858086092,0.005453167349219425,0.006115765827100263,0.005946853925301313,0.005417717761355067,0.006419397672699767,0.0060817612807864945,0.005542559321915809,0.005812890715369526
7.943282347242816,-0.4926047540496209,-0.4938469938961759,0.493452762914615,0.4932328086689948,-0.49381581911980305,-0.4942065479751417,0.49343990507091223,0.4942086462423975,-0.49340226321320085,-0.4940921582519612,0.4936074574848009,0.4934533059876976,0.004296591145018969,0.004222166211547358,0.004146328328997235,0.0047506734677530815,0.004115566737078739,0.004090088289958801,0.0046510435586910835,0.003507683107292084,0.0044926310751104296,0.0041937720005884895,0.004394085959807368,0.004559776905107012
10.0,-0.49291680391089265,-0.4925330079856319,0.4916716365039883,0.49231010946361287,-0.49331444609158365,-0.4926819393035469,0.49304531382628464,0.492310378078062,-0.49297698587556454,-0.4922944787014022,0.493122584860024,0.49295329091141615,0.004588250690166454,0.005131162716219772,0.005262634208524052,0.006111418110642295,0.004472157642990436,0.0051711565351880776,0.00487074328905403,0.004854257434150591,0.004787030248267661,0.005446248156545785,0.004128099548883437,0.004724209657505906
12.589254117941675,-0.49213883262455255,-0.4930307313683117,0.49164887490641157,0.49200794931712105,-0.49259982301947397,-0.4928258074881141,0.4925196050687902,0.49280750224320247,-0.4936335108464618,-0.49335782152754726,0.49331254427388344,0.49359431125571895,0.005145312913023558,0.004754131937518307,0.006497390647627198,0.006869287036761888,0.00587093839091124,0.0049654697182782296,0.00621515292248751,0.004912414388778395,0.0051168441547622895,0.005783221486351232,0.005091923953071459,0.005250539457487299
15.848931924611133,-0.4910853214243489,-0.49243737119138853,0.4913115589472891,0.490808314975027,-0.4915018875902236,-0.49288568976967195,0.49152580955986036,0.49235457672436517,-0.4917251952496049,-0.49276680171360343,0.4929830039777297,0.4922973195425899,0.007705026489816994,0.007053959148070452,0.007559484606457243,0.00843129346877603,0.007493966987179552,0.006713695124062707,0.008202372589242994,0.00617078221490768,0.008431552405375712,0.007562217150698692,0.006904106795647855,0.007621883827151306
19.952623149688797,-0.49128241720703514,-0.4921366973119375,0.490789745429342,0.4905340894941885,-0.4909693350258513,-0.4926981410942458,0.4918378736815066,0.49169378205638276,-0.49118336968106985,-0.49121021972563983,0.4917517561527849,0.4922049701331938,0.009442533353229402,0.007967993186503002,0.008735330400866988,0.011438961757704947,0.00992385281749474,0.007817562012607283,0.008793762120561427,0.00803910958333956,0.010496091141970646,0.00998972906671264,0.007870321083902839,0.009162108101477866
25.118864315095795,-0.49169776610808796,-0.49163929629361114,0.49074295333410356,0.48848128515892547,-0.4905259112464514,-0.4914701564715428,0.49148077437403204,0.49215984396914086,-0.4915058533732708,-0.49129282641602195,0.4914866579294831,0.49252314199566044,0.010019740927379157,0.009450219578304912,0.0107671990304048,0.01616180182668043,0.013628540909240556,0.009694859303570768,0.009911974794250156,0.007901207741042228,0.012571622357227866,0.012751589474777768,0.01136838837134475,0.011798580588951878
31.622776601683793,-0.49095837842797313,-0.4925441759822156,0.4900084558885318,0.486880072123548,-0.4893160725121074,-0.4910866840766295,0.4915669105806975,0.49236554135592553,-0.4909212620322221,-0.4899530060118873,0.4905243194084271,0.4920845443757711,0.012655386660815263,0.01053755370280734,0.01506152081916141,0.02163383568533902,0.018795796438909617,0.010879930736137012,0.01201803548689471,0.008432898080245943,0.015491195798362677,0.017991959570534788,0.01590660912406575,0.01428557113033491
39.810717055349734,-0.4902745905417665,-0.4910994529276352,0.4892335861512884,0.48398119653335525,-0.4860993387230347,-0.4910632595751117,0.49081013777570465,0.49249866847774837,-0.489236279702743,-0.4876778936565659,0.48871160185427687,0.4902965351952719,0.014785999737992071,0.014441927868021124,0.019076035053768724,0.03197048611255414,0.027553162467446254,0.01242276930416551,0.012952704480168751,0.008737220386585556,0.02340424259492913,0.026863748058085724,0.021593393566138687,0.020120913890533165
50.11872336272722,-0.4901190456096819,-0.48989887226021106,0.48801079900065514,0.4804984651978969,-0.48456994387510866,-0.4909778176366496,0.48999682757328195,0.4919036648247286,-0.4867894137770973,-0.48473391422793555,0.4871147290058219,0.4901561061136793,0.02040435551426155,0.020617315951454683,0.02403237044825757,0.044086856359878746,0.0408593686794071,0.01317136519414323,0.013807131932602882,0.008789507296221142,0.033735734471678325,0.03980375717790393,0.030559401732256793,0.02312157921704608
63.09573444801933,-0.4901500105495957,-0.4890596549455979,0.48659087001654283,0.47677484289835337,-0.48105884019048883,-0.4912920206435237,0.4906322202807226,0.4920783748673181,-0.48444712905497406,-0.480347888379856,0.48536793340945567,0.49026435933355783,0.02624641728354982,0.026054895009744714,0.03119723924286846,0.06418399418965402,0.05851277861475653,0.012426609429334688,0.011899871507348185,0.00810559559487488,0.0488947025088906,0.05871156776807738,0.040075473882038776,0.026443222324542635
79.43282347242814,-0.488337293819142,-0.48907612457629257,0.48551377421006786,0.47183951057255796,-0.4765694487442434,-0.4913296106497843,0.4919952506919123,0.49203535290435585,-0.4820313796715456,-0.4757217031448403,0.48313699934494014,0.49029640137251157,0.03142835008806428,0.03184788709177945,0.0391339170532383,0.08849666598328787,0.08299427894913554,0.011163144075209226,0.008030114609291887,0.00735254375696185,0.06786843109693301,0.07990281252280579,0.050924179138440405,0.02228136888112709
100.0,-0.48883600818269596,-0.48784438086124826,0.4838450533066952,0.4657179985872418,-0.4728649346748952,-0.49034502205114194,0.49177168817197947,0.4913304045608138,-0.4798726825363656,-0.4717307044141162,0.48230440297318133,0.4911282419094453,0.034404647200687526,0.03546525380345391,0.05039918149743103,0.11740745275972198,0.10987484565911983,0.014100885638904364,0.00950681909569833,0.008317830886892533,0.0829911816787033,0.10229322083856734,0.06181243124145959,0.015937081040592126
125.89254117941675,-0.4891398407302466,-0.4880020314150577,0.48359923049969006,0.4619248418810089,-0.4692937264366155,-0.48851523226281257,0.48956069143768377,0.49107647075994987,-0.47828037481727875,-0.4689352932369263,0.4824002574077361,0.49144016425502934,0.029477079258879667,0.031480863612363956,0.06312063111767177,0.14263039566799535,0.13275343310572021,0.019180571008083628,0.015239005091696975,0.011570592715684584,0.09171816060328447,0.11602884389945066,0.07367519170942867,0.01575388508892642
158.48931924611142,-0.49178854502914643,-0.48893186487140267,0.48310170674642344,0.4616367406530924,-0.46868967388867944,-0.4882147338481001,0.48965525681092104,0.4909989912349889,-0.4809329733348065,-0.470815490212936,0.48166171779356487,0.48986427396456345,0.014323462798109783,0.02360325556911329,0.07358161627674534,0.1477126147160054,0.13169408403477872,0.01976831409788244,0.014399973405398394,0.010148322187190192,0.08133474850612421,0.11182621109075755,0.07839652072002819,0.01903947325383253
199.52623149688787,-0.4916680690307699,-0.48985705048501776,0.4836713868167241,0.4688563922101028,-0.47516025807828166,-0.48917384467450775,0.49031580936944225,0.491412299586259,-0.48645610749625195,-0.4792036032125305,0.48303662578619877,0.4879146599059858,0.008505061463776716,0.01911555405034547,0.0703722590960431,0.11535460410174829,0.09389524832461339,0.018270501913529455,0.015558100971088793,0.01064839626787279,0.057809803332081106,0.0896576660420195,0.07268492419599214,0.03130827961230115
251.18864315095797,-0.491075292370266,-0.48857615190447645,0.48547493425477783,0.48089820575784126,-0.4857999253003114,-0.48885821095091486,0.4891513229113234,0.49177111688047226,-0.488590929330815,-0.4844572267367858,0.4879523524218626,0.49124712923815755,0.01988670430535428,0.024933259798308443,0.04826811691699437,0.05829377964658824,0.038898670915034086,0.02182521890358455,0.020354730409997805,0.0074969886712024205,0.02700545912950369,0.04787931590009583,0.04078098003781276,0.01743376823576442
316.22776601683796,-0.4882299927664325,-0.48685152752240946,0.48966931292335436,0.48447641342102127,-0.48366722398877626,-0.4883009417581029,0.48742023571130705,0.49149361021537463,-0.48418860786747464,-0.4811102077434834,0.48641602666307854,0.4890716386575011,0.032680691574463204,0.036865720038891166,0.015171834033826838,0.038957892848969077,0.04569089536505951,0.02929029411762227,0.028763543460699904,0.009391353408928504,0.06421101667776168,0.07070027395199309,0.03969237782480428,0.030235912570140685
398.1071705534973,-0.49214333053590253,-0.4887680733696355,0.4877281642340346,0.4698202845245188,-0.4683785027781417,-0.4872001919120477,0.4873227847626398,0.4917128612088113,-0.4859582484429699,-0.48140048955312464,0.48817538207733996,0.4893079283699572,0.005556625801443779,0.0292805713976909,0.026608485398698957,0.10970904448136594,0.11874547755143078,0.040727812361356634,0.038241954748016095,0.009819218599235752,0.0512262454830775,0.06174599793192686,0.03410903353231801,0.024822242392196932
501.18723362727246,-0.48919787268279497,-0.4837710872512269,0.48258933845414653,0.47259090147447547,-0.4765721254173785,-0.4845615789428692,0.48535837873865384,0.49113259383591246,-0.4812455609500299,-0.47486151491338485,0.48415597497008317,0.4886769736791569,0.03407312893000267,0.04996487756703649,0.07337893216931245,0.11292734558041327,0.10209963349297502,0.054429445501969834,0.05103165646959988,0.012798601059561996,0.0705182419226566,0.10078482155471546,0.07317073035552375,0.03303919445173935
630.957344480193,-0.4912842372702047,-0.4869821616989255,0.48484975140071074,0.4747016328260926,-0.473801999865753,-0.48517975562576976,0.485403823254084,0.49104990274703153,-0.48946361344241957,-0.48510392575610556,0.48717197200459617,0.4898908910726342,0.010716968303616297,0.031645640326212136,0.03751843956929925,0.08720843760215242,0.10411834761741581,0.06458711774743528,0.06212430612790843,0.01203281828261575,0.019814340272893353,0.03904478176897648,0.03604187730325611,0.0255864936316287
794.3282347242813,-0.49194336724407517,-0.4885367103530181,0.48393790754243715,0.4730798514108589,-0.4737154673936694,-0.4826633913562784,0.48387885304536954,0.4899063846490962,-0.4791719844537004,-0.4704851901456154,0.48330618564047806,0.49080639083266175,0.006706629146877414,0.02325946464010775,0.05256632914215638,0.10723901464774002,0.11516966095484468,0.06739777315031946,0.06406760277292449,0.01453957125929394,0.08936846623858873,0.10902362757998872,0.06400474874268568,0.01684381311064739
1000.0,-0.49158631391584234,-0.490099859352911,0.48807236654384006,0.47982049558939216,-0.4789579832671761,-0.4866066869470749,0.48557782440297315,0.49053170575593913,-0.48235299242054763,-0.47935572886070577,0.4887550962152661,0.49043344365471037,0.008986200222955562,0.018476112725548596,0.026909822791296792,0.06891090417728792,0.08115206652360644,0.0468925137691707,0.044838570081286944,0.010966172584561576,0.07478872330569242,0.07619020124078967,0.024275892891797598,0.017119558948158566
1258.9254117941675,-0.4899073428836992,-0.48732061238208335,0.4845793549496795,0.4780644614482681,-0.48327459350646224,-0.49077367150463685,0.4893671627885374,0.49093759136577464,-0.48622967634243835,-0.4784050472204775,0.48247966319096175,0.48872492534454476,0.024455232648652042,0.03047131457949426,0.06346459369440006,0.09269723063298241,0.07265295948839139,0.015776685804081477,0.016417959347000004,0.01069790763965687,0.04653180265744748,0.07483678205031279,0.060783736176279544,0.024832304087226986
1584.893192461114,-0.4920719165410192,-0.4881941507027817,0.4846516479740973,0.47874813203594785,-0.486365335345925,-0.49099726107669656,0.4903277257788342,0.49070182260453143,-0.48824994575081165,-0.47966536108901175,0.482492741306872,0.48789213671227405,0.0077475686081541805,0.030477477366850636,0.07106882284420625,0.07963002653764382,0.0390904177892333,0.012373668767563194,0.012586084546522134,0.012361637921673909,0.026549240927531473,0.06932839811294544,0.06521647097304775,0.03240657833079466
1995.2623149688789,-0.4920507836481075,-0.49016068271123636,0.4850987980920138,0.47204475176808786,-0.4708414406794408,-0.48509695670932224,0.48454796301820446,0.489324438746684,-0.48463993151342094,-0.47773093251200116,0.48405165386131105,0.49044342122184553,0.0062776687183890975,0.02010296848342083,0.04479230416192389,0.10518116108672147,0.1135598275038501,0.05819179395721655,0.05585229654745296,0.018093718258999428,0.07227463740562741,0.08439178193001091,0.04797707253220868,0.02101808497000316
2511.88643150958,-0.48867547667631156,-0.48421724562740226,0.48690419987030265,0.48088609637347124,-0.4833272702241391,-0.48846122789033486,0.4861239974471741,0.48953291406221205,-0.4844870170906706,-0.4740340055679998,0.4812095078191526,0.4873190341244783,0.031450469613137536,0.0438252366876271,0.034231287715332306,0.05089114178923197,0.05361308227992722,0.03820488202403218,0.037013448496508686,0.022200496123880357,0.05708824145355778,0.09139960205896364,0.07051694272223924,0.0382763045810589
3162.2776601683795,-0.4901648595376086,-0.49125483733884134,0.48951236409692195,0.47596605818882304,-0.4757759370602834,-0.4890679476286504,0.4878744343929583,0.487663145297395,-0.48172703159545655,-0.4728139170016232,0.482031710045371,0.4889982299240642,0.01403502649800184,0.011861586059567159,0.015681159064721815,0.09041305551679181,0.09518089694232348,0.023587851162091632,0.024898869313739982,0.02795683271278541,0.06331175241996768,0.08595254814252862,0.05748358897498281,0.023068847057495918
3981.0717055349733,-0.49040272725867995,-0.4900958457112261,0.4796067049598648,0.4641120397467122,-0.4694403464787192,-0.48657675622618946,0.4862037386204584,0.4885855147687252,-0.49128945060707574,-0.48272548094149126,0.483376108386432,0.4890191989813694,0.013671085185656929,0.019783627044103125,0.0757998130761345,0.12416084498405434,0.10896644949277026,0.03646094641219611,0.03657247851090055,0.03220197637535493,0.01042445379897491,0.06416608088062042,0.05729513467221473,0.024977169578348432
5011.872336272725,-0.4898639853706848,-0.48817268973443756,0.48054612064813584,0.47104299486324197,-0.4739943998012479,-0.48418842103370335,0.4825646766797988,0.4872862641173538,-0.48223341954010546,-0.4728215348780477,0.4830306046097832,0.4882834589578268,0.015919936070011773,0.024421260324103067,0.07181468714746307,0.1047998766109724,0.10516798666017942,0.06690435516664865,0.06500221179356255,0.034063371384194685,0.07043870291404596,0.09071469520825322,0.05566297251201406,0.026240099081123396
6309.57344480193,-0.4876553144029366,-0.48544890914185,0.4848906723067667,0.48109058424535844,-0.4818097687652387,-0.4854487460331482,0.4840641717653186,0.4885059103477606,-0.47743550381543,-0.46586673163345227,0.4790699045208557,0.4876629144100954,0.0326235362549452,0.03687115156930147,0.033085311879833816,0.0422064128193733,0.06159488860458708,0.055072708012274936,0.05404455567830189,0.023164413447348188,0.09590055270967211,0.1233072312542031,0.08012878314268197,0.030920855774955004
7943.282347242814,-0.4907127506179636,-0.48763211683501156,0.4866346925457275,0.47433416702486064,-0.47154591485165115,-0.4839957962806433,0.48510125597294756,0.49084576401526997,-0.48844060251325017,-0.4807549334172362,0.4828010233469128,0.4895812550735885,0.01650436148365979,0.024872280792787277,0.02506984332235863,0.08586152807389644,0.10623612129848739,0.06765509375629472,0.06441965000258976,0.013179040372560033,0.02246285774315737,0.06186501641617674,0.058629120340045186,0.01907229015854996
10000.0,-0.4904898520086082,-0.48887314732935,0.4848225252307995,0.47304287096212433,-0.47840399116244936,-0.4897526613481163,0.489582276995417,0.4909443136404756,-0.48181918101606375,-0.4739645233618304,0.48407676589260923,0.49038835715013984,0.014707302905408365,0.017966119332352995,0.03915973599732859,0.08300707770925828,0.07426438439680913,0.016825336643456403,0.01413638989496304,0.012849144288477098,0.07496494668908937,0.09461665279813301,0.058901274599987126,0.019301840548342133
12589.254117941662,-0.49216687080031246,-0.48840849026696587,0.4866668022053274,0.47736042002393775,-0.4769815729898573,-0.48661799920394017,0.48430041601403384,0.4875432269998971,-0.49077917737026716,-0.48539529838061507,0.48811610589841137,0.4906773262817385,0.00838240215501073,0.025832470568889196,0.03428614649040348,0.07320107497677059,0.07997097058888,0.046639653845156386,0.046340385001556704,0.033660577049724,0.014287070252361778,0.04077883942518335,0.026613293734973443,0.022484336291411257
15848.93192461114,-0.487827555346351,-0.4832122997056731,0.48158340855708254,0.46282402233414144,-0.4719663748285965,-0.4901271779595571,0.49004081007318756,0.4904720164962413,-0.4792177370068409,-0.4717035820121221,0.4843129543040813,0.48766704136964684,0.034259183977953814,0.04652156173745897,0.06870503402054837,0.13485204444009466,0.11696645601936552,0.015803978887078067,0.012373948399097187,0.013915806200476586,0.08482195477692467,0.11013017635022915,0.07205076239230032,0.034999497150474006
19952.62314968879,-0.4911200138032207,-0.48510777026333085,0.4808619470597745,0.4636701513335169,-0.4716116646630931,-0.48707727933517797,0.48779401008521833,0.49013377435966443,-0.4901073025293298,-0.47789652821766654,0.4796536739384698,0.4869154372297334,0.013940394404757776,0.03539437554201796,0.07137822053242192,0.129600577101024,0.11458459977978049,0.029942246347006176,0.028218263693989425,0.020600377305809357,0.02588893586746472,0.08701803534813238,0.08234843816862981,0.03648213991340609
25118.864315095823,-0.49186792480569563,-0.4879271775871493,0.4852001073528727,0.4817880778033877,-0.4803503394694063,-0.48467398404199274,0.4846761360513542,0.48960064617437893,-0.4807061549509966,-0.4726476238151384,0.48149299136524903,0.4868338870784082,0.007460481113356003,0.026892965702063468,0.04442658747169905,0.06509549711754055,0.07532386367227384,0.055160784106040715,0.05279073623953771,0.014557926037703194,0.07446957309218927,0.09797492472482278,0.0680855490485609,0.03331685094839619
31622.776601683792,-0.48803485763530485,-0.48741558023318327,0.48765043285586684,0.4777939504545731,-0.48087030781016693,-0.48954716016612526,0.4883873575473394,0.48864762441544746,-0.49087497339737307,-0.4821947355813053,0.4840090099822168,0.4893775564739901,0.032745153516194836,0.035521044701533416,0.024406950947106383,0.06318994577310855,0.061226177376428534,0.01873417086890585,0.021403609955220226,0.031070073279264754,0.012089084218361924,0.05891927414147023,0.05345745973413857,0.025343171102911698
39810.71705534969,-0.48834351208581717,-0.48551945740339314,0.48195662600837247,0.4770708178301167,-0.4785894808580303,-0.4838250178770742,0.4828367777735326,0.4876677339990364,-0.4842974040374455,-0.47363962407055504,0.48146040801232876,0.4891045161065204,0.029265400723265774,0.03825357224429146,0.0735329029958646,0.08486562274994017,0.08266104243402057,0.06678681773950852,0.0663386442090017,0.034493954759511856,0.07037119760405237,0.09833286139450327,0.06404002757849066,0.020919159841046267
50118.72336272725,-0.48912618110157763,-0.48683472844322057,0.4864765734328977,0.47627779484804067,-0.47577272384761005,-0.4849934607781826,0.4845658930327016,0.4888924795036635,-0.48634523673979463,-0.4830367213977203,0.4916026788569409,0.4905582545446799,0.02816636222454197,0.031128147662773355,0.033472954636746086,0.07732256726461549,0.09071843106966561,0.05849803220320472,0.05602771741957313,0.02343312776508822,0.06138567050144593,0.06426645877040572,0.009547272730570181,0.01699377598642545
63095.7344480193,-0.48775443327241386,-0.4849963606168918,0.47887125392417623,0.4750338268490214,-0.4798441868914233,-0.48578304355235463,0.48445982770497,0.48991070763286587,-0.4832703260189784,-0.48221430759151673,0.49077782224888045,0.490653417152031,0.035467252712374456,0.040368824683035626,0.07706842408138499,0.08073714347162352,0.06938626144550115,0.06187939733811493,0.058824370853024915,0.014846457170756264,0.058925406094107555,0.06011408506619791,0.009385005057530683,0.015183251564366937
79432.82347242821,-0.4884477948358201,-0.4873552279750879,0.48264562145718126,0.4763035914859305,-0.483613687686634,-0.4894242842626909,0.4900787393844869,0.492445157469401,-0.4837547309741545,-0.4813420485938371,0.489507295539595,0.49111873109176224,0.02682191879505281,0.030856553220741285,0.07143872132917234,0.08183089991196545,0.04369298321733292,0.015574354109206986,0.013972426171027891,0.005415843092000686,0.07069568404924446,0.0727311111393789,0.02066143340059935,0.011294583160837588
100000.0,-0.48853275787438927,-0.4866963299734561,0.48570741619109065,0.46873428070023626,-0.4736947998928365,-0.4894830524190329,0.48866385947150165,0.4890078442278593,-0.4854865781906148,-0.4815147376924267,0.4891419036350525,0.4894053455801252,0.03329569492963645,0.037106020140139244,0.04030440981626347,0.11119817631765204,0.10675137996156447,0.01647865036109616,0.019145970022421983,0.030940023770794932,0.06320231025982005,0.07027045179567436,0.020707537041556458,0.021980505459362507
125892.54117941661,-0.4896801091103525,-0.48690006268433794,0.4871342092999497,0.47038539133015694,-0.47297821391484024,-0.48983263870703553,0.48939332877902897,0.48974200085211117,-0.4843263823489438,-0.47880459788169244,0.48741856572445835,0.48927148203227816,0.023787124593184928,0.03480405573785876,0.03707406863075917,0.11030251073625913,0.1087067922243142,0.016342756803331193,0.016578063668298865,0.025683493164435568,0.061001395118827434,0.07285004344094721,0.03603768493205992,0.032719333301373506
158489.3192461114,-0.4892965460680906,-0.48583258950921077,0.48596219040684546,0.47999915726598696,-0.4774428721536747,-0.4849514389941922,0.4834715894174377,0.48989838962865007,-0.48114987538866894,-0.47042286508038406,0.4810376080510406,0.48755875652533526,0.021704926820704566,0.03394960188156481,0.028397115680376738,0.06271074062046367,0.09061376865243735,0.06794160254549292,0.06467728128518621,0.013239204969564966,0.07797689428837905,0.10868850456787939,0.0775107229620997,0.031104524817320803
199526.2314968879,-0.4867712429609671,-0.48703415752465895,0.4890937484316729,0.48593788800467147,-0.4879755275246143,-0.48830233678682633,0.4867571653351776,0.48866133277949675,-0.48725390062567564,-0.4833498684568027,0.48940522122593383,0.49081271880395405,0.03580964377640085,0.03577247667139067,0.017999023211291414,0.02735449637021943,0.02693657842609567,0.022752742642064686,0.023565259827956674,0.022875365539662094,0.03715912228464999,0.0451793689530462,0.020283021418952503,0.014425922313084786
251188.6431509582,-0.48913922270832955,-0.48515023547487435,0.48655708096296946,0.4719025387425401,-0.46941223867868487,-0.4838044111658604,0.4833028040803089,0.48844895734658955,-0.4812707730713234,-0.47160045177608406,0.4851076700197833,0.4889117809474911,0.030726911461718416,0.043081458642057306,0.03619409929883205,0.11131953882151409,0.1252033676363583,0.06850654077052999,0.06664485663795447,0.032193604488400106,0.0770378571100717,0.09796551361545994,0.05486879861154265,0.03149469344777435
316227.7660168379,-0.48988111925630284,-0.486039972756479,0.48661854918857167,0.48393853408856,-0.48159756027391165,-0.4852948981138626,0.4855108377827523,0.4917162374571814,-0.4866974079325256,-0.48647789947388725,0.49177569196178583,0.4893702771683642,0.02006375098139583,0.038456020367313624,0.031291442316316476,0.03635374834581413,0.06856194087979793,0.06446996207480048,0.061186883382610406,0.011033766941322385,0.04761842384288288,0.04657748396162532,0.010299806649621147,0.0326520575016725
398107.1705534969,-0.48893052867360043,-0.4862738201638658,0.4830469502577634,0.47372343906734715,-0.483165063398125,-0.49110650903049885,0.4897721690793463,0.4896885471535791,-0.4853406886765934,-0.4791801282082746,0.4866684995040841,0.48993494633893814,0.027910486647759556,0.03235592608884616,0.07338629433636065,0.09328902305257485,0.05994983920516387,0.012175638840836767,0.01670019089480723,0.025006267894544933,0.06460939610798676,0.07609945109552436,0.03778868776467709,0.022489069122758477
501187.2336272725,-0.4904489122953566,-0.4892338860195801,0.48751467240402935,0.4675584847988707,-0.4687309102477185,-0.48746275660329,0.48878214048407653,0.4915446900856047,-0.489046190634753,-0.483202000422052,0.48485498655711706,0.49120835832941223,0.016588828534429924,0.02194828067425927,0.02894097492067782,0.12410364210908072,0.12644785365303923,0.029754930514724658,0.026742177324728167,0.008076339121793353,0.026594083788038764,0.051456041629475924,0.04709569859355681,0.016974648183540293
630957.344480193,-0.49140144522897783,-0.4868709099734498,0.48043583746425284,0.4758905360788299,-0.48506932809233194,-0.49001411152134394,0.48938570034254303,0.4908633413459474,-0.4849367860434409,-0.4745741048013025,0.4794656918769824,0.48655882171379466,0.010795491069462728,0.03439721578129118,0.07704232335779466,0.08449771471515227,0.042872870781921125,0.01671451153439953,0.016421519140961533,0.013151350610976316,0.06029126114435056,0.10031757894575256,0.0828205265964025,0.036487886013496874
794328.2347242822,-0.4911732476165914,-0.4874978609629525,0.4797563882472334,0.4605376857104555,-0.4662349136810044,-0.486332649420678,0.48642298116278304,0.4889780331066611,-0.483970322505429,-0.473035320098118,0.4825438973953672,0.4902004831951008,0.0144180668206637,0.027729887949412894,0.07301397959680894,0.1370286371449104,0.12833357013682253,0.04275051150008177,0.041682940448585594,0.032429420793763195,0.05987605018645931,0.09789064668804338,0.0719462427664987,0.0185208512485815
1.0e6,-0.4888613303914748,-0.48539256230629874,0.48161664840126334,0.471507459574055,-0.4780374457763862,-0.48794057545371083,0.4886975635190857,0.49062561949635863,-0.48979197303995115,-0.48383113190294746,0.486378249900588,0.49025838967499574,0.03369624849045389,0.037652289694194055,0.06736750418900943,0.09396808246081036,0.07138078788283,0.028715021804762778,0.025916156119355105,0.011203003028348,0.015724575223813816,0.05543246972454939,0.05309563167440251,0.018401894849491347
1.258925411794166e6,-0.4897641762514092,-0.488991158316246,0.481867318428374,0.4615320851759019,-0.46430699340202997,-0.4845561362607289,0.4848702099045272,0.4890494874796919,-0.4803371977272477,-0.47024073226198804,0.48077272730250764,0.48862338138944167,0.01680142815094818,0.02265585960736756,0.07028754667805856,0.14593218000195052,0.14204388997865813,0.055054694327188666,0.053129217568205524,0.026773502805751786,0.07873380677508429,0.1027294538411978,0.06610796149318093,0.023643981757682703
1.5848931924611141e6,-0.4881209982461735,-0.486234985918805,0.4840414777022849,0.47333073190091174,-0.4805350054282623,-0.48836935553975147,0.4869817751258955,0.4880933370473293,-0.4847015085046501,-0.4762815736829018,0.4840140616141172,0.49023751748303385,0.03452386414297393,0.03787225843178671,0.06308399850930325,0.09337216283521403,0.07118359855134576,0.0231781251462425,0.026167961417258877,0.03279431376266118,0.06167052368304475,0.07985639712447455,0.04687282724027103,0.020746091334509456
1.9952623149688789e6,-0.4881340412698082,-0.48791975343342914,0.4876507400560428,0.48060539019342063,-0.47920937358517135,-0.48647649214130567,0.48548547120444124,0.4902184655888998,-0.48241126853534355,-0.47663680186613716,0.4859971058235442,0.48976871223148083,0.0289718177619467,0.030140408138206135,0.023823672479378426,0.0550317829366634,0.06786187893623147,0.047226184518888374,0.04509513387997591,0.013136608096701693,0.07210409032611297,0.08065162605814587,0.04000240255489176,0.018610257077374823
2.5118864315095823e6,-0.4910063787668865,-0.4884409501733819,0.48197721632565277,0.4726382907242002,-0.47954898738336693,-0.48759481850697883,0.488519465555266,0.49094077538448855,-0.47817486790761554,-0.4737781606743942,0.48421993035456257,0.48832170099766237,0.013979353678185223,0.02155827333897104,0.057649815363294034,0.09000955998368804,0.07272363797195502,0.025313108666328958,0.023712777424210563,0.00982595751144824,0.08937459882366437,0.09639131454593843,0.04515009518831987,0.025466862464896683
3.1622776601683795e6,-0.488949956261913,-0.4860965625877798,0.4873389728962483,0.4752648853758267,-0.4712832954713658,-0.4845320479215497,0.48382585914070836,0.4899771940531466,-0.4851397733357965,-0.4767691621220851,0.4802904886733814,0.4872064842976222,0.03077060006570232,0.038989007154293875,0.02302978890961885,0.08848449802724259,0.11064311416118339,0.06689651052979158,0.06341079576456463,0.013324263847536377,0.04577752566985049,0.08034526243437559,0.06948210055243224,0.032782603618944875
3.9810717055349695e6,-0.48982429254584814,-0.48834856696289763,0.4885813309043698,0.47937653220163506,-0.48339822566806506,-0.4906828176758379,0.4900214361806025,0.49028488873704185,-0.4873034817915145,-0.48075409668964275,0.4854827915516824,0.48883917844028746,0.02300879501681072,0.031149138863690726,0.025286496234073873,0.07591460190639708,0.07125514712474869,0.014564725202812366,0.014030992505987392,0.018420273746892,0.04193872321539493,0.06235912307550913,0.04575235851906739,0.030259047521746036
5.011872336272725e6,-0.4899839110318862,-0.48748070552216505,0.4895194925660708,0.4751748164307856,-0.47573658252814655,-0.48922289782319267,0.48834645277029265,0.48900732045903694,-0.4906629194531515,-0.4808922978654094,0.48425798510481377,0.48853404157483066,0.023233531668585227,0.03204728173786222,0.01599475236577479,0.10259884050113435,0.10413332584065477,0.01995257027279344,0.021964478749044926,0.03095213659039321,0.013236931559631971,0.07531358380323429,0.06770811353807646,0.03185842464296016
6.30957344480193e6,-0.488550861584614,-0.48535871423773475,0.48818804304245766,0.46878895064920373,-0.4657734455665571,-0.4840075704516094,0.48431799901983996,0.48832253974615747,-0.4874572438052804,-0.47554046883398465,0.48079208532892614,0.4864287328149416,0.025744607072512905,0.03388440289541141,0.02060169258110626,0.11470013238328658,0.12974771834816054,0.06330819639176982,0.06021910963194649,0.028171338637558756,0.049399379611976234,0.08928789749758954,0.07407101842793597,0.03454893077895988
7.943282347242822e6,-0.49102316326222684,-0.48909110412311574,0.4882164887564913,0.47557296365460744,-0.4788933542289739,-0.4893290582795915,0.48893091487535534,0.48909043040038536,-0.48410153790961585,-0.47158698466783394,0.4813638569086146,0.48794737981392333,0.013701958099019034,0.02400451019093601,0.025683146281019944,0.09757865301380002,0.09536864551330315,0.018064827915891608,0.019710913736874607,0.027782605594569156,0.0648383683242421,0.09553866446767648,0.0665180228857965,0.029339176288484405
1.0e7,-0.48803164532421733,-0.487899969715066,0.48725011227622345,0.46606098033463655,-0.46890538646263813,-0.4897372073891311,0.48984545933190804,0.48833092110271464,-0.48717449969104243,-0.478616342961179,0.48514813053124456,0.4894516401312794,0.03586491834219368,0.03626447862158013,0.026633669801352143,0.12469520450354948,0.12549602337823454,0.01779540890417406,0.0191423325042322,0.033933221097660254,0.043443362138897074,0.06610326293656849,0.042395017009745774,0.02096020811925828
1.2589254117941663e7,-0.48691245242642406,-0.48536391602395085,0.48435314195792567,0.48331477474936324,-0.4839924660359285,-0.4844055521980449,0.48334804631851597,0.48844284704157664,-0.4911615147451563,-0.4853373948732716,0.4860011657475409,0.48958125440618866,0.036254348831711886,0.03897637452805653,0.04304192145568298,0.042262861125165974,0.06830150310127396,0.06695592068177433,0.06489090381739362,0.025669938710278235,0.013032625493046573,0.034666408488712046,0.0320217896116128,0.021991977150863068
1.5848931924611142e7,-0.488375846054927,-0.4837106133198426,0.4814623398027316,0.46717802918971896,-0.47231596965844114,-0.48785365169147504,0.48700618453810807,0.48906218251830486,-0.4873385944173793,-0.4766389249024247,0.4815776823578222,0.48561964274916086,0.024130241411387383,0.039989318510495794,0.06544681826752789,0.11355039254575762,0.103680544599236,0.04030921963655892,0.04102723390194563,0.03223465606154499,0.03820109472033866,0.07428560413700468,0.06183640874812087,0.03646166841829137
1.9952623149688788e7,-0.4878691811773327,-0.48339244130948067,0.4813566300644951,0.47526210812919123,-0.4852977806035298,-0.49017811591324945,0.48957238585358226,0.4883901440840823,-0.4848284586406893,-0.4743425988263621,0.4815447593109709,0.48659444915964034,0.03347852931423464,0.04492997356659651,0.07298527317300259,0.09468679865203301,0.061299173043652525,0.014837189403843345,0.017111751314628984,0.02869005392098039,0.05001158718250609,0.09038495592593698,0.07315000397707373,0.03560447889250041
2.5118864315095823e7,-0.4904116204346348,-0.4863842779105103,0.4863910342552063,0.4789854165995885,-0.48121217337790967,-0.4902266560867964,0.4892280407107023,0.49125477127632294,-0.4878198976953837,-0.4792511431756128,0.48343336933973,0.48706759524911464,0.01601738495190467,0.03130127229752387,0.027372631648925217,0.0782156779690086,0.08122953720968769,0.016213395788128717,0.016936256036075265,0.012692123102246194,0.027632834446427106,0.07602520396755166,0.07107998310768131,0.03234916756165739
3.162277660168379e7,-0.49058437958945467,-0.4890873142069401,0.48465401045509027,0.4803361047770536,-0.48192114314811607,-0.48618618531287916,0.48562549025284946,0.4901808775993926,-0.48816087271879843,-0.4766984107304359,0.48039625257537827,0.4877941058862704,0.015270831789290713,0.01860668204649064,0.03318405571827902,0.053664205207195066,0.06213448144710695,0.04718782274524993,0.04561054260718096,0.02077740144963851,0.03074272816983948,0.08273428196488856,0.07639807007101629,0.02795134416753666
3.981071705534969e7,-0.49057108379147357,-0.48930420124911594,0.4870890052065554,0.47153862274479275,-0.47343387082117805,-0.48720823386560547,0.487370673028091,0.48781960891967024,-0.49070391767563293,-0.48462905991228306,0.48840788016652936,0.4916967164647005,0.012623140861357136,0.01813329502414544,0.022843505877961977,0.09705129970776427,0.09847494483363356,0.02337298630452783,0.0245612654400488,0.034868978471415964,0.01406925228187562,0.046480833687515016,0.03295459775837519,0.011296947167813917
5.011872336272725e7,-0.4921640426581734,-0.4875041552244407,0.4810508438695828,0.4681892617383557,-0.4703386269258494,-0.4828302961643882,0.48369960501516196,0.490949973683329,-0.4871551022075714,-0.484576979755127,0.48913666697150027,0.4911227891555275,0.007570816547469867,0.02863577171960597,0.062090791763535526,0.11602408443126655,0.12013878334252505,0.06791241589361911,0.06418047984257721,0.012883618122984658,0.04799514222675582,0.05013367095590332,0.01977055060719349,0.016350445207426796
6.3095734448019296e7,-0.48948807894140106,-0.48758314682264703,0.483245010695322,0.4613700406820498,-0.46843812232198767,-0.4886042502426331,0.4878703349907705,0.4881109633696207,-0.48628078339130976,-0.47912756824582403,0.48579861497379284,0.48976471156453033,0.019880191659545663,0.024991846760595068,0.052675490841499,0.1402665167662307,0.1350557706543475,0.019596973381192144,0.02120331722502691,0.033412771119133766,0.04685444669763615,0.06758858314990916,0.04273198718977472,0.02151989826372868
7.943282347242822e7,-0.49157181761654306,-0.487218841469482,0.48244025798818313,0.46640613090994043,-0.46866227090562873,-0.4842120488076811,0.4832560521120252,0.48683049568928094,-0.4857030528738216,-0.4778396861707267,0.48557666431951646,0.4883309769290657,0.008730733564560455,0.02856115699376721,0.07216572817724924,0.13855007488051654,0.1336042927897355,0.05941219351959816,0.05785918418400473,0.03582347363231652,0.06444494195847346,0.07909865094505696,0.04090325221694934,0.031135628434177828
1.0e8,-0.4916889722719826,-0.48686804616966844,0.480689400868454,0.459993875148398,-0.4689959157016248,-0.4891184081288591,0.4910617394920517,0.4911203038510109,-0.4831107566154877,-0.48070741496895514,0.4898208700982111,0.4896939408863502,0.009553759259283635,0.030251323961871076,0.07236674131719235,0.14657937376957708,0.13070747776736802,0.01842685119157227,0.012193858817755528,0.011718457246900515,0.07167317109211542,0.07501666995531905,0.025314874417458975,0.02684703168711386
1.2589254117941661e8,-0.4887731287566543,-0.4839734199587119,0.48007248932209984,0.46399298469427125,-0.4707042143786288,-0.48659621052254404,0.48649796938079154,0.4911095659194267,-0.4899725863649198,-0.47970293795985824,0.4800693588103895,0.486921941812814,0.033876940404417695,0.04419181814988327,0.07547473043415003,0.12254502911417915,0.10752073877068584,0.04148171149569595,0.03913578764870818,0.012199105135226776,0.017042185705750522,0.08175072248736007,0.08240709363589711,0.03596545910423796
1.584893192461111e8,-0.4892781788669313,-0.4880996592884343,0.4845447784942283,0.47317990073643307,-0.478522221567792,-0.48837736650203667,0.48888153536039725,0.48996054805265327,-0.4795266457500145,-0.47606073419609934,0.4876529171235574,0.4904321301475813,0.02092116687753069,0.02378515050178139,0.04692785330648046,0.10547118303487815,0.09824463862650629,0.026646289556669592,0.024789194093132082,0.011948297124793311,0.09225712819850979,0.09563987596745122,0.028102493775467023,0.014469237960327903
1.9952623149688828e8,-0.48723647562118005,-0.48343133859191995,0.48120873151533883,0.4783389534219587,-0.4829583977611819,-0.48693331655008565,0.4864133179413126,0.4902574432712669,-0.48131253975825816,-0.4696046220731229,0.47963982212079703,0.4865266163158264,0.03458406190916944,0.04491030496823024,0.061876907126772664,0.06681268079012931,0.05466238871674101,0.04789357774008975,0.04647490722309525,0.01694719110538569,0.07512259962271889,0.10483753131169712,0.07748403935748925,0.03822006813360369
2.511886431509582e8,-0.48970744385413656,-0.485112583757757,0.4840898489924945,0.46650758008436083,-0.46712941286411014,-0.48415722848030146,0.48476167632705286,0.49127741663214997,-0.4810722802860901,-0.4748808427000431,0.483893092383656,0.48771206055949734,0.02122193541795884,0.03689569518180435,0.03976579946357396,0.11524667090029034,0.12760109441447498,0.0666838909668024,0.06281833009001005,0.01137737001984625,0.07639099105400178,0.09116695920664065,0.053165539100906996,0.034497530935087645
3.1622776601683795e8,-0.4891115857856529,-0.4867745534183945,0.48764256337696055,0.47826040017642685,-0.48111587714536136,-0.4907090096863352,0.48962745000805735,0.49070647596435607,-0.4877295231323108,-0.4787076101666216,0.48078842949210354,0.4860561711154871,0.019475864722797397,0.03258344763818258,0.02536573519245648,0.08183269683864784,0.08561623101316165,0.012786889821752667,0.013311635389945571,0.014630675616111364,0.03566629526858353,0.0737331509385088,0.06840354909916481,0.03881069633873586
3.981071705534969e8,-0.4891337460931555,-0.48549275326366403,0.48328687105313334,0.4820867807775418,-0.4852872017759016,-0.4861462896681552,0.485142543481384,0.4910069040651624,-0.4891184956446623,-0.48185969309468846,0.4845310270045893,0.48855036360085047,0.02935276233158482,0.0377554394774725,0.06033947432685348,0.05952023085842116,0.05660185373506045,0.05572342674697624,0.05430044689571049,0.013680348290084451,0.02026523779627386,0.050995156801330585,0.04810648399228732,0.02845344210168772
5.011872336272715e8,-0.48928437140587744,-0.486757572446614,0.48363937896926945,0.47584172857861684,-0.4841088432667718,-0.4908951612095094,0.48982522170430226,0.488685921434775,-0.48284706059734367,-0.4779798834221126,0.48696207341848374,0.48681557218823435,0.01787721827433393,0.027867312119032636,0.057241748889714575,0.08345529046173565,0.06180275293193338,0.01234556086876112,0.0182649607677601,0.03210728049015419,0.07042590113111699,0.07791529366939601,0.029318906936182835,0.034126787909240355
6.309573444801943e8,-0.489091425388992,-0.4872302893547857,0.48666521270480495,0.47427375943961925,-0.4777950846769212,-0.49012448688909993,0.48975232775688005,0.4921618511584229,-0.4900537274196867,-0.4899899043208903,0.49016761553530497,0.4892444536064904,0.025590835996854272,0.03006498761382543,0.029037919189671545,0.08857991492582515,0.08978541019334764,0.014557084777143327,0.014779031352734373,0.00963173764039304,0.018040562066353592,0.018183705372424874,0.021986554029859377,0.027489786905557673
7.943282347242821e8,-0.48915911757491976,-0.48590837241653756,0.4811670803271803,0.470915734726566,-0.4797228809618126,-0.48918894381953765,0.4902890441703275,0.49255612447217867,-0.4792021246096037,-0.4702433394206445,0.4823636120648225,0.48839957399990486,0.028465519375613164,0.03303286660828991,0.07178724104809311,0.10218500758954367,0.07948250087383116,0.022710519048842442,0.02025714479598755,0.007057441566986756,0.0950740997704828,0.10962976919432563,0.05961242263934028,0.02491550189946015
1.0e9,-0.48985716339074137,-0.4881996827387073,0.4830942021486998,0.46943158228289134,-0.47548925692526756,-0.4881059157324813,0.4890083540872112,0.4909783122656638,-0.48864670317846226,-0.4815544003942275,0.4866950332560955,0.49046186560493715,0.014574459653037742,0.02352642339068568,0.06451098895421019,0.11806764505537054,0.10400505231143999,0.030756773612277168,0.0278749625040937,0.012375000295042694,0.028529064003772222,0.050785521808893876,0.041623071979357364,0.015300655593248415
1.258925411794166e9,-0.4871211232794546,-0.4838998150748195,0.4853989587366864,0.4719040623142597,-0.4748104884096433,-0.4892598185246085,0.488644089373022,0.4897616206900788,-0.485123193159495,-0.4717265846288299,0.48054444038312705,0.48770805321948874,0.03700236379192842,0.04519832663084167,0.029063758728828635,0.0876330552964233,0.08719157567976768,0.026193644043687958,0.02573579263486883,0.025492565207183508,0.061277076100648614,0.10304211160618709,0.0803018418483881,0.03277961383308638
1.5848931924611108e9,-0.48792943062866845,-0.4856239135927398,0.4849509874033872,0.4723119263557647,-0.47844033168078803,-0.491341141557879,0.49025107227378906,0.49017536566349357,-0.4897973772147899,-0.48544371031639205,0.4892513018195363,0.488906045266499,0.03679370915479854,0.03849823388279225,0.03706382966433313,0.08871402562148135,0.08599708508476575,0.010563371099387892,0.015832224716862388,0.02779450434991354,0.029588384203315783,0.04074917217914372,0.020634822165361524,0.022083719823512715
1.9952623149688828e9,-0.48863968966788224,-0.48699488611732206,0.48254151788626887,0.48035666688903356,-0.4880221916888322,-0.48821196302673425,0.48657461488961506,0.48964152162890356,-0.48822766338197743,-0.4864727235066234,0.4912001226907735,0.49147338797767837,0.027073377859221988,0.030554959683077965,0.07099825699553518,0.07209395424469174,0.027001011076017857,0.026611859132656842,0.026874781062469533,0.01703160215917393,0.036599268177936156,0.03896847623287313,0.008082071504878502,0.011812955463478105
2.511886431509582e9,-0.48975889101713327,-0.48531764069923766,0.4876227516536736,0.4791022513670697,-0.4765895646601519,-0.4845927109926331,0.4831726952009611,0.4879327551863727,-0.47996995514761864,-0.47101280724986344,0.4829084753091549,0.4869303208851067,0.017183389261177743,0.037699769227370096,0.025795075758908045,0.0818700232679146,0.10530549396586701,0.06608805311540313,0.0643780148319539,0.02497695274589059,0.07530279403778253,0.10462615110149184,0.07289241511794764,0.03513176902500059
3.1622776601683793e9,-0.4917189405005678,-0.49115070388839205,0.49094864414001127,0.4867148129535642,-0.48803023040761534,-0.4908819392560349,0.4909495791172815,0.4918311922132351,-0.4860477480128836,-0.4739031904979578,0.4811411362074867,0.4902611604255708,0.009726141277076565,0.011198764994762966,0.009078707367253256,0.031194456027218875,0.030029259488596333,0.011879749670018813,0.01045305900580131,0.009515023978935066,0.06249751158221576,0.10124918330925091,0.08074593826039768,0.019517592285321135
3.9810717055349693e9,-0.48866743030593024,-0.4862898765170346,0.480966800686438,0.47061662439726354,-0.47376223856386596,-0.48588344075160705,0.4846953927120884,0.4898230269184964,-0.48068374453840945,-0.4713968722329853,0.4839128834594222,0.49073723507483175,0.03420318144565545,0.03950180432635032,0.06566565304682494,0.10224919967425725,0.10272443009379975,0.058362785472394874,0.05644369139888147,0.01606910294798707,0.07884895108818744,0.10175994039548392,0.06467408506078441,0.01465436448969278
5.011872336272715e9,-0.4885341416868989,-0.48643036194174044,0.4831843832073669,0.47127865173742706,-0.4780509817624304,-0.48985476774295444,0.4886997408968387,0.48855513635290815,-0.4796070425313421,-0.47345569040014895,0.48719719312134463,0.4897958265789353,0.03303038789247126,0.03460126980112262,0.05422048229582646,0.09126474887279401,0.07534593587931915,0.01814400057983694,0.021093329714771635,0.024803373242987033,0.08868077192494475,0.09743178442009563,0.03696685177276928,0.017428952906377557
6.309573444801943e9,-0.49011574866481905,-0.4862548778615843,0.48560814943320385,0.47876753058873284,-0.48107455494230095,-0.4894942632146614,0.48870755494612567,0.4915273997848985,-0.4817800698807435,-0.47379298053222857,0.48239139234960626,0.4860579567045586,0.019491834839975977,0.034276706846586374,0.03505316771030636,0.0728920274188451,0.07329590899602009,0.023444162522540245,0.02330005973623772,0.008011931805841864,0.08002660856626516,0.10050747310580348,0.06561592638010666,0.04036334810477205
7.943282347242822e9,-0.49079339443940145,-0.4876567873756599,0.48737001883199177,0.47760654465745894,-0.47808293119449163,-0.4886824349985884,0.48886353327252097,0.4927370740204624,-0.486319933461538,-0.4816876511562168,0.4867271453034494,0.48650026345956393,0.015811815889093583,0.032973564654682874,0.027186518172218083,0.08166688289503841,0.08598009515062209,0.027745224860357277,0.026692635973733517,0.006902883078260473,0.06830763954331517,0.07641911591858948,0.04008469547067551,0.03874980237678965
1.0e10,-0.4871044373709621,-0.4851568699148023,0.48507322442094103,0.4733973222401724,-0.47636617338324033,-0.4860844428601599,0.48745452346212576,0.49175790020072463,-0.4845293927725959,-0.4803543944827511,0.48619602500716214,0.49003419483579025,0.03201110554473371,0.03591870113359561,0.033411712528187906,0.07565752350235525,0.07754734413466513,0.03872136733080886,0.0360013890529119,0.008019564573567062,0.06662724686058324,0.07565722825069225,0.03780375147546463,0.01697221959300511
1.2589254117941662e10,-0.4894011404057016,-0.4864067065405664,0.4881323511315143,0.4796536450548477,-0.48287392712798133,-0.490052332511144,0.48966893176726095,0.48990518439808906,-0.4900618074833384,-0.48269878570521757,0.484783673655493,0.487681518269703,0.017387465534608904,0.03325824902558131,0.014802799002885543,0.05810084445529358,0.054375719588528326,0.013870358488946636,0.015976907670438262,0.023412785676558048,0.015307919765669113,0.061278324784986356,0.05647323895287799,0.033076288109833166
1.5848931924611109e10,-0.490379798136209,-0.48902457344671507,0.48567340238171014,0.4798818628174365,-0.4842297087433916,-0.49113989884885156,0.4894522269806548,0.4893281097683903,-0.4835464352720226,-0.47771122786364195,0.4876681687802327,0.49092968499320044,0.009778644326481125,0.019052376120866618,0.0506365483605609,0.06684075315108613,0.04878968348219524,0.012136663027696854,0.017385122135212743,0.027817175301549202,0.06929742394981916,0.07930669846031559,0.031273594480945584,0.017502011021559932
1.9952623149688828e10,-0.4912558980434768,-0.4880050765066325,0.48561019849688886,0.46843483056529533,-0.4741272970093481,-0.4897196877711616,0.4906490796788318,0.4906754166859654,-0.48086484929115464,-0.4700974309135069,0.4817481483232926,0.48763377843415945,0.009833714037238966,0.027090702744381755,0.03636829501754266,0.11375313930204493,0.11059806327709187,0.015796423632232118,0.011338942284036715,0.012079410840562174,0.0823661625941563,0.10473027249722495,0.0660607087962264,0.030660081177905606
2.511886431509582e10,-0.49119264018318015,-0.4900532537145841,0.48827271543082834,0.4767837185555528,-0.4737439154373457,-0.48286501582415,0.4844246735670267,0.4903404793756702,-0.48994253897277146,-0.48818810049334616,0.4887268658102951,0.49049248196623046,0.009570291351095201,0.018147201814490414,0.023115746555289543,0.09852208757691464,0.11589499389367304,0.06332125352660027,0.060278449525084744,0.013197758701340169,0.02411777765242572,0.028620940216750834,0.02675547218200264,0.023403571686689186
3.1622776601683792e10,-0.4904227950438111,-0.4891699675722511,0.4834659434717429,0.46611373349488516,-0.4677126544113256,-0.48669221030074206,0.4860504307129834,0.48778311679447023,-0.48127057391204714,-0.47210520593334226,0.4822597724051003,0.48796511570631373,0.013222627777194554,0.018420297939908518,0.043383403204940454,0.11793370961295502,0.12177362615595193,0.047328292378338715,0.047642296786520585,0.03388965219370848,0.07043358983262282,0.08896461119364837,0.05240879682251507,0.030498949886473316
3.981071705534969e10,-0.4877361569393067,-0.4845612537026581,0.4822686420181241,0.4666786903726043,-0.47180676539164523,-0.4876332795352335,0.48775900333795996,0.490472164229325,-0.49105324303427283,-0.4834029974828298,0.4834039994812578,0.48652700935183296,0.03492931574804804,0.04436595788317026,0.06313819952217029,0.11461282108972394,0.1032461595072979,0.03018453580281373,0.028455115036398398,0.012014810944463113,0.018312982775316906,0.05880235220015812,0.05900129487776324,0.03527460092906639
5.011872336272715e10,-0.49047915391500424,-0.4878215667411556,0.4860600333438137,0.47731673311423917,-0.4749099152403797,-0.48506086682124033,0.48564885153445286,0.49027095462479753,-0.48080416291242356,-0.4745517465716908,0.48409378012316756,0.48916821983705133,0.01845503535519758,0.028078729030650614,0.03255035784878684,0.07252055779953154,0.09368467205761899,0.06473335805940775,0.06184507549947059,0.0138237097954012,0.07652472638084364,0.10251326515137439,0.06995880995398794,0.019315694298257413
6.3095734448019424e10,-0.492251177893738,-0.48967216894454596,0.48928288288390187,0.47210454798816764,-0.4749116782104349,-0.490034724538067,0.49085586406368736,0.49139031436467046,-0.4848432368720527,-0.47531291981085394,0.4805828239241976,0.48966963041478223,0.007228226240049217,0.016712792630450505,0.01849275173755418,0.10102513943619441,0.10083965712333516,0.014950832126954975,0.011640688929703269,0.009380281392975346,0.04733564187824713,0.08299626062411285,0.07206027043483404,0.021766569327078242
7.943282347242822e10,-0.48803502836602747,-0.4870971743575798,0.4897031732381031,0.471750130547603,-0.47298533678078003,-0.4889631305435945,0.48939311938654556,0.491041659907307,-0.482039791749293,-0.47812939836186386,0.4861980527181097,0.4886380776070779,0.03540070647275439,0.035298271059303284,0.01584435145644232,0.1092551385397732,0.11105073513829494,0.01982019780732517,0.017931088906161272,0.01480847133672612,0.07580961659833597,0.08235731583337998,0.04019853331169388,0.027857898732753086
1.0e11,-0.49059250014829187,-0.48524481306197065,0.48387833069911634,0.4708100547748048,-0.4728884861306402,-0.4851367370105165,0.4834994402384614,0.4875657061967917,-0.49065798926068144,-0.4810427737986512,0.482797313834598,0.4871759503279581,0.019730407972418783,0.03783686245761176,0.05092826256613009,0.09732534028478396,0.10070260200815072,0.054488562767124854,0.05294717651313561,0.031246387838204805,0.012402185739898604,0.06483313708187312,0.059230196778751215,0.034582485309422296
1.2589254117941661e11,-0.48996372540034555,-0.49038797170945664,0.4877477479632999,0.4727282743459603,-0.47692998255722635,-0.4904124407466052,0.4920544643673768,0.49071040587711495,-0.48790482714890465,-0.4812842138790097,0.48406811242905695,0.49050145442224874,0.01578019539584529,0.01535645985416456,0.025966360129122297,0.10581266870646129,0.10316729220316183,0.016052301717024813,0.010351676261658973,0.011299295197230273,0.0361864848137168,0.06849162735756667,0.060956078599504124,0.020694576892984984
1.5848931924611108e11,-0.48825604641060605,-0.4882323623418034,0.4899535607512756,0.4779260584262546,-0.47810873860795894,-0.4899806551138133,0.48842698021923314,0.48768700757414946,-0.48510836196513457,-0.47676137515366906,0.4857589676298524,0.4904360134494953,0.03446486089140112,0.0355068356878809,0.01377743402389532,0.08376342680129611,0.08556624780527558,0.01442044394250672,0.018661294512303396,0.03029800879773497,0.04845717038902303,0.0689955823473057,0.04464989693196241,0.016897764223880778
1.9952623149688828e11,-0.490384499777707,-0.4883898797073883,0.4862010577975153,0.4808665958560137,-0.4820432793558157,-0.48747740681202256,0.48688314140702743,0.4895340019299019,-0.4874153662581751,-0.4789478083618368,0.48397293318349377,0.49007318050615883,0.015925300539310076,0.02218457699118524,0.04344535017748793,0.06716368538411126,0.06453104771569469,0.03897731632639117,0.03753504984780992,0.013343583494102201,0.04420409796373789,0.07256703974662718,0.05782952149770278,0.01650279540761369
2.5118864315095822e11,-0.49033902319578293,-0.4888569990669076,0.48711882722297434,0.47188501476081407,-0.47540338991299014,-0.48917855716299563,0.4900841310423963,0.4909368714674785,-0.4913657966125629,-0.4812254904870116,0.48071881288037815,0.4896974718207448,0.012520983403641734,0.01818569571923997,0.028329131395536167,0.09927967880292957,0.09544873975903966,0.01612905981512453,0.0124263676449135,0.009989229693427698,0.011970164283196142,0.07919482357100364,0.07804759357813255,0.019854214238870332
3.1622776601683795e11,-0.49135429374392303,-0.4889610232853726,0.48270063740115204,0.4705323649252789,-0.47873231679930184,-0.4889033381210125,0.4887363442643342,0.48977110897663156,-0.48114312372039264,-0.47273013828020327,0.48521830396941024,0.4896882297306193,0.012147617831898211,0.01863002082261911,0.06631494899016778,0.11617167367856313,0.09559701811065914,0.018376862416810406,0.019065807806176113,0.025794702370596615,0.0824480484525278,0.10079822462013477,0.05580393763990062,0.01841701355450122
3.9810717055349695e11,-0.48841225686492584,-0.48723997382529816,0.4842444571403012,0.4817344467735394,-0.4870767715842866,-0.4886740825893525,0.4868466110134341,0.48769584383355785,-0.4787753959029599,-0.4747245085445115,0.4880713712912704,0.49066298175288897,0.033854413995105706,0.03416370593395356,0.05250553984175971,0.0549489370238461,0.02638334093651983,0.022911620718487877,0.025838855892787834,0.027963474577755148,0.08548845294107632,0.09031118542293363,0.025176950140378598,0.017632436010786352
5.011872336272715e11,-0.491332242308662,-0.48794683047782395,0.48512343923401813,0.4724175484225359,-0.47147017228451554,-0.4843923532317917,0.4823590945525307,0.48784273951797646,-0.48870951698454124,-0.47614783686849654,0.48071540110761946,0.48748179353967147,0.009090271551595653,0.028039024165817467,0.03742125410566307,0.08840844961906688,0.10294014627121768,0.060576717812555914,0.05941962696890427,0.031591607319421795,0.029549232170488146,0.08648303083341097,0.07743899418051056,0.032665808075346074
6.309573444801943e11,-0.4916768762580715,-0.49099747171586783,0.4867925715990009,0.47388124646711877,-0.4764769575043041,-0.49050583741712167,0.49062596827895333,0.49187931366228954,-0.48736487863999167,-0.47637479680592937,0.48113243386294496,0.4904508413046572,0.009969489577399293,0.01507701881975759,0.03101692979935282,0.09750210543078487,0.09644955376043737,0.013779592738549708,0.010987986928125953,0.011577363174550966,0.05164514576946307,0.09487712574457273,0.07936091040841492,0.015445315206532067
7.943282347242821e11,-0.4881358372180876,-0.48614049698637535,0.485473815483547,0.4761183166139002,-0.47570009577769934,-0.48575736902846645,0.48635014747160543,0.4917873428031641,-0.4910565320008723,-0.4823115243042037,0.4824076745072022,0.490577413856096,0.03396379804103651,0.03679143293384323,0.04976754690735307,0.08600668628099026,0.09284799979966539,0.057530534549350455,0.055557874503566196,0.010127391522835302,0.011262430061645368,0.06784077215274475,0.06766746783032129,0.01826271613857746
1.0e12,-0.4894724853958356,-0.4870905239889778,0.48557109508850815,0.47945910582535783,-0.47844363551629254,-0.4849821423081631,0.48413360213205375,0.48972666838255596,-0.48500343126636747,-0.47636028161446564,0.4831139311005327,0.4883601826900485,0.024791170968374736,0.03232517360787399,0.035494050877442736,0.06757530859698489,0.08905058021626037,0.06629817508888881,0.06407374627725448,0.01812789149061848,0.05645735568232855,0.07978672832726377,0.06037755208189147,0.028933921370834788
