100.0,0.0,0.0,0.0,0.0,0.0,0.0,0.0,0.0,0.0,0.0,0.0,0.0,0.0,0.0,0.0,0.0
0.1,-0.4856238035791893,-0.485621696584352,0.4856200129782406,0.48562575796704355,-0.4856249330739011,-0.48562239182340733,0.48562208054242995,0.4856244315142704,2.4363478910329525e-5,2.5074182603757152e-5,2.4218693889846824e-5,2.5152296133614804e-5,2.5752973398089383e-5,2.5096078816600644e-5,2.458003909340884e-5,2.434345993514825e-5
0.12589254117941673,-0.47751125472713346,-0.4775060828672741,0.477501952446633,0.4775160486515633,-0.4775140231066798,-0.4775077880447396,0.4775070225959799,0.477512794682042,5.9772174099088746e-5,6.151231544551724e-5,5.9415721576188306e-5,6.170321616979614e-5,6.31799624903679e-5,6.156932728670038e-5,6.030231086627743e-5,5.9722499596959805e-5
0.15848931924611134,-0.46509050485550013,-0.4650779909388718,0.46506800412043087,0.4651020915311408,-0.4650971869371136,-0.4650821098752038,0.46508024746068194,0.46509422391928895,0.00014451013711295173,0.00014870039565230967,0.0001436420436348652,0.0001491613100110368,0.00015274217517082788,0.0001488532214952416,0.000145782786301723,0.00014438451844854959
0.19952623149688797,-0.44646732903240477,-0.44643776975644633,0.44641419836771096,0.4464946522492022,-0.4464830490245251,-0.44644746461259466,0.44644300054139513,0.4464760789414059,0.00034094325329698237,0.0003507504295933063,0.00033886344565121543,0.00035184555642700494,0.0003603262234144539,0.00035117791514662064,0.0003438897819164567,0.00034060931298450655
0.251188643150958,-0.41947217635919914,-0.4194051818049916,0.4193517640779718,0.4195339653693766,-0.41950756859517513,-0.4194269933728135,0.41941652168249716,0.41949184503397996,0.0007715260404405845,0.000793386396548532,0.0007666680129492348,0.0007959276813479001,0.0008151928367994354,0.0007946304853370461,0.0007779057349408098,0.0007705625877910959
0.31622776601683794,-0.38240164346340205,-0.38226059740286167,0.3821477260167292,0.3825315303622753,-0.38247538478423676,-0.38230585243661286,0.38228214738689237,0.38244237980003476,0.00162237029533312,0.0016672374957666693,0.0016115134825263353,0.0016728675051020047,0.001713381002300667,0.0016708018136168705,0.0016346147084778735,0.0016194095703136143
0.3981071705534972,-0.3355761390791382,-0.33531786200982056,0.3351072601223648,0.33581539444505176,-0.3357092998578914,-0.3353984770177367,0.335348616010126,0.33564836657641434,0.0029792663350770524,0.0030598228495732163,0.0029572307276966164,0.0030711020531144807,0.0031440520590684767,0.0030683793212675815,0.0029985251422095273,0.002970595939187233
0.5011872336272722,-0.28289086372689703,-0.28254071616221504,0.28223097924639545,0.28323088002654356,-0.2830700710249828,-0.28264362816113386,0.2825549416622101,0.2829814617243111,0.004140434344724428,0.004257935465946802,0.00410619777823945,0.004278487302329917,0.004367807909690057,0.004268061446089375,0.004163797456019164,0.004120159710074276
0.6309573444801932,-0.2297747139321168,-0.2296228666275839,0.22937152697524085,0.23001336734332922,-0.2298688144909067,-0.2296418345888378,0.22953209039039552,0.22979004832980343,0.002427267407453453,0.0025379897476119524,0.002411652164434568,0.002608119298863234,0.002588901831986693,0.0025088518602099734,0.002452959176166154,0.0023977957733526934
0.7943282347242815,-0.17565914422299286,-0.17634828187019674,0.17653907409150735,0.17533127470553936,-0.17542342674717706,-0.17599493962354795,0.17594590156625786,0.17543686823848254,0.0058713586821063785,0.005849166205984435,0.005748159113912817,0.005742436063227309,0.006143094142863106,0.006027590824075305,0.0058514502693592955,0.005964819086477688
1.0,-0.12089595400925741,-0.12280111076488137,0.12361077186664303,0.11967103563486599,-0.12030174199420574,-0.12168235168336676,0.1218434293966319,0.12060321114112817,0.016850820527900632,0.01702201839087147,0.016469620167840628,0.01641648295975473,0.017672261893657892,0.017422338810887093,0.016586385013586738,0.017036284944354715
1.2589254117941673,-0.09106864921138531,-0.09450530048420808,0.09531617447029979,0.08897428950930777,-0.09033010369368714,-0.09249662675365643,0.09234789238890621,0.09079162608992467,0.026879336321714783,0.02720853652733414,0.026044580286069697,0.02588209316303077,0.02816273179309096,0.027434619264273256,0.026330044993758357,0.027244932126461566
1.5848931924611136,-0.06658750872081053,-0.07231275306338245,0.07052944366168341,0.06420225522898675,-0.0662438685634295,-0.06944092520280466,0.06825909446896582,0.06603352595172758,0.03272601337165007,0.034190296879895304,0.03328992521626504,0.03357796635338551,0.03394499558851373,0.032927379108236954,0.0329279483818652,0.03460149025102403
1.9952623149688795,-0.05177335293767442,-0.05408046999031901,0.05098424843065358,0.04864918635077871,-0.05019091512802682,-0.05092177452872496,0.05070087602366158,0.048835387213095924,0.02354002164229801,0.026092713813913385,0.025849612398486436,0.027574377837068426,0.023875612937399156,0.023153962301111275,0.025243876776730803,0.02654730723363111
2.51188643150958,-0.04087106718078612,-0.03938827935644183,0.03786711253311127,0.03968138135096833,-0.041065092108902704,-0.0378414658733536,0.03788248409288725,0.03570842377382759,0.024339352590417248,0.026824450587366835,0.024662298419483232,0.027977084546632572,0.025091209082302387,0.022379942499511234,0.0240095648083644,0.02678311918138309
3.1622776601683795,-0.023327418652870358,-0.02422103856940469,0.026312207895643234,0.026766371725945048,-0.023462569460510577,-0.02336950120395924,0.022656430658181428,0.019801940402086275,0.022596755965856766,0.025615198023688418,0.021051034043512704,0.02242766028830297,0.020479121521249342,0.021064642855581003,0.02110475695902942,0.024065392188179643
3.9810717055349722,-0.010169248159208093,-0.017163977296939407,0.01643663984098252,0.016080740817743494,-0.01324192626224379,-0.017348334046753375,0.014575244742329373,0.015503919108164337,0.029023465785599434,0.027193940931458608,0.026820586046833003,0.02831412952096157,0.030417678343177934,0.02542568894486683,0.029863538910629137,0.035229714755587956
5.011872336272722,-0.007264882157884774,-0.012058966223242802,0.011824888116934608,0.007006158579598069,-0.013109370063519159,-0.010166741645411084,0.010109221955157234,0.012976514429058112,0.02648313293187478,0.028311440907573197,0.030601732517089284,0.025958943873227128,0.03061460145313951,0.03232787109668725,0.027061201020192997,0.02884579240135438
6.309573444801933,-0.00631314146878704,-0.007927227953337128,0.0033305648648473385,0.008117236984582115,-0.004880561720577439,-0.003728756733711723,0.007473501960624955,0.0054390135719034095,0.03404860251192612,0.027518604446688518,0.027699943896699233,0.028428946252807497,0.02848731741460754,0.029480635243267276,0.02628016206338847,0.029242173268691107
7.943282347242816,-0.007836394888532827,-0.005286860921545919,0.0058782875293651345,0.013406227302953972,-0.006699896790066293,-0.011907038557242351,0.005118301459776091,0.005688624161452899,0.026603227729121878,0.02479729194836678,0.02909455967838477,0.031398678844623155,0.0297686472182484,0.028369748757300913,0.03053694927711407,0.028167371784445915
10.0,-0.006372631376141278,-0.00500221520092352,0.004949696547896466,0.005996375376855089,-0.006910452563082216,-0.00784423691561847,0.005138565758168152,0.007113575161069382,0.02697938223257459,0.028774557201715446,0.02659917739284257,0.02545910389484449,0.025763340336974458,0.030602941646204335,0.027259794531566406,0.028454444075572537
12.589254117941675,-0.0081581755788129,-0.006402709205769164,0.005686069143913045,0.004356875438164962,-0.00493276554802678,-0.007223898844803551,0.005793204431348179,0.008873141210068209,0.03131292675884117,0.02499347649077921,0.02801200256349058,0.02878231921626762,0.027849383407783118,0.0325257401584074,0.026941187619780052,0.027447548002647197
15.848931924611133,-0.00962691526629441,-0.0033722366846820765,0.004904369857421581,0.006973519931753487,-0.009961507758760755,-0.008667827386806597,0.010703295436054638,0.00642105858494125,0.028939266783778457,0.026624314139873862,0.02441782831159066,0.025200102983753685,0.029739849839033345,0.027985037307116555,0.024530154611674886,0.02643196547536164
19.952623149688797,-0.008839057168221599,-0.013023777597121512,0.004816747243696864,0.008565849670879097,-0.008487322980840347,-0.010673657129656948,0.00996732437422857,0.009710683821704483,0.025885556345858485,0.029499043130004746,0.026268450530641498,0.028352031855921417,0.02835125833859558,0.026788171367519667,0.027424414044359968,0.02834821848023629
25.118864315095795,-0.006190502579931218,-0.005925487478557733,0.00849124384581933,0.006770565063172845,-0.011007122002023728,-0.008647836270904829,0.0010322592313162643,0.01003872102637814,0.02682352452776573,0.02756711896188234,0.026125593654233854,0.02607781614379075,0.025781911627752514,0.02436865035681501,0.030886840179854744,0.030398966114244672
31.622776601683793,-0.004731519674079438,-0.007809670902498439,0.009268761952128115,0.0030383730326626326,-0.004761067109967536,-0.003065342608171235,0.009942439676136807,0.006227648892945258,0.027803014834820224,0.024025393228413065,0.0247978625393124,0.0244982796235977,0.02543896158974788,0.02946719872784997,0.030594673723218783,0.02797169157005118
39.810717055349734,-0.01001690474971724,-0.00851567551341283,0.010874661740079675,0.008986637744902503,-0.0078464395495292,-0.004855602563204424,0.012274299446317315,0.006451082237308474,0.02487424663425646,0.02430270160727956,0.02482216151030274,0.028982528083383103,0.029858893157750296,0.02897483148581185,0.027485487820857548,0.02700082413986579
50.11872336272722,-0.010236528746642432,-0.012131850208623259,0.010766173126825016,0.0077291980785690155,-0.007030352867598168,-0.007622835561333925,0.001643090094957345,0.008364182882769109,0.02796317961376072,0.02721854259251544,0.02446953737294775,0.02670266398894336,0.024571882129585134,0.02595810984287956,0.030880397305166226,0.031382225688449845
63.09573444801933,-0.0029152317520880176,-0.011035859224361698,0.009342398784545288,0.006247887480671334,-0.006576931522196734,-0.010445445806089637,0.0045680469548980435,0.012991560418861502,0.030611394207134098,0.025791002747799323,0.026851352365010836,0.025648256135956327,0.026719672871608542,0.027132525134107664,0.029797438638673845,0.0271908047416043
79.43282347242814,-0.008319614769616039,-0.009251902210394706,0.009785967358874128,0.003188761641464073,-0.005543408504327498,-0.005309929288564047,0.010298657785089834,0.007015877727008501,0.026417762947838222,0.026302828664573383,0.02389611744271179,0.02768876739480032,0.02766252172997307,0.028842222296881808,0.02685709795746869,0.0240650860071097
100.0,-0.010434717480846427,-0.011199131620436674,0.008631550114180809,0.005783272956660822,-0.009717007138100009,-0.008435658226464896,0.011625611134635488,0.0026855550398068267,0.026377304767046788,0.026129328607437174,0.026003165526329357,0.025684229267998047,0.026349848898889635,0.027304140873457217,0.028793360227305574,0.025976017917144812
125.89254117941675,-0.010507910584974836,-0.01059449565460816,0.01036186576324177,0.011951434301740189,-0.002792431654343701,-0.015276800594570967,0.009919935894358215,0.009665940752573238,0.02807460471814736,0.02559841225872484,0.03127378400920944,0.025504572911016907,0.026448654860283333,0.027439786680703137,0.028176969113561788,0.024359414683843752
158.48931924611142,-0.013765126678169754,-0.011839213544142515,0.012801651337643102,0.01299937519457566,-0.010948274995003959,-0.007295344524100847,0.006535329517688603,0.010618287323688694,0.0281753429010609,0.02689047956321736,0.02499852134195123,0.028906304752033977,0.027157791053976133,0.02736624290759479,0.026962633823322472,0.027781153913006406
199.52623149688787,-0.009866385995560379,-0.016617720956090397,0.011422175766265365,0.012263244387010987,-0.013363291848166802,-0.011896383527487828,0.012931957325970383,0.010445465172731955,0.027511150779808147,0.025954213435238148,0.026588710210027167,0.0268478453058105,0.027424444200855158,0.02884080234253152,0.0289861912034307,0.027646291315092757
251.18864315095797,-0.0123887103528421,-0.016219420810385233,0.014001362398664972,0.009759263173615647,-0.014928156835731284,-0.013626849764549344,0.010099352693307324,0.008936740432798783,0.028400732314463665,0.02487681192579557,0.026910433355974994,0.027077716991597358,0.02541140750092028,0.028540135126475564,0.02952939033497144,0.027578961340169923
316.22776601683796,-0.013562456055753857,-0.0163957915331061,0.008253723585189224,0.012503424224759549,-0.013294764214157715,-0.012280523280454947,0.014129747479831698,0.015247200204046596,0.028193190831634334,0.027035521463238538,0.027107072949335852,0.03086005068108497,0.02908928116593495,0.028204193164276185,0.029141377888013843,0.02718367881384966
398.1071705534973,-0.010237603856269201,-0.009533467876627252,0.01468780407684264,0.006186798956589745,-0.007592574550840817,-0.008334811214294535,0.008284815196336746,0.006874386373385636,0.026384914630648515,0.031145963802347736,0.030774112512416168,0.027479084145810653,0.02829221444310905,0.028187712774275606,0.027905636139771428,0.02743281857575729
501.18723362727246,-0.01802553585358106,-0.010308561385937718,0.00992009201183842,0.004975283864342388,-0.009152706008701925,-0.006034222116521668,0.011202739182483561,0.003561489143037625,0.02920742613316465,0.026207764119949257,0.027127074651462968,0.026878555077560554,0.026391160656757107,0.028981661474524585,0.02878461099550731,0.025395466053834057
630.957344480193,-0.010571163001154037,-0.01269578231694914,0.011142423636257389,0.010654505288990018,-0.012498458153286835,-0.014567577257198367,0.009099921889997522,0.01154217715257606,0.029750320403865882,0.024949645097054447,0.028684212853682996,0.031400649983636064,0.030801364906324197,0.024242700371656847,0.031027472975023104,0.02747948476940008
794.3282347242813,-0.013737195845099364,-0.010282899772945532,0.011257932485423061,0.012018295515578023,-0.019287805867720297,-0.01042234771229679,0.010486223498875426,0.008887642104020987,0.02873941610665186,0.02402284727949482,0.025971248256324284,0.029019597975978875,0.025600098620412258,0.026272907805949573,0.023807380756931874,0.029837647097516684
1000.0,-0.009949744401876426,-0.012579629577527925,0.007993877352725144,0.013461528635459463,-0.009214075996504568,-0.011840712714407184,0.014212605272935967,0.010748867714181844,0.027993633750771848,0.027364227463638167,0.02697833409996647,0.029079571255277162,0.027379938693403612,0.02571744106265773,0.028761199981046766,0.026167894114856597
1258.9254117941675,-0.008115706856176333,-0.00984891309755854,0.006936692577128718,0.006694726182143402,-0.015702858707008535,-0.010205609895435659,0.013735098998947114,0.011497874801118604,0.023903650919108472,0.031148177890613766,0.02742458754421852,0.023938731961174735,0.027136680215461437,0.025237391531402073,0.029486364631735516,0.0257905638516692
1584.893192461114,-0.008812368849058264,-0.009352373386562713,0.008483350140381344,0.01073417460991527,-0.00977576489537254,-0.011998003149120192,0.010237975112329227,0.01438629546353371,0.02905348964316785,0.02802642007253348,0.02720739366347947,0.030009482748624177,0.028470403146874643,0.025330230386218802,0.026855623333051127,0.029690317138189284
1995.2623149688789,-0.009911504519137108,-0.010173085952988433,0.006134979533911986,0.010103353579094048,-0.009450584503441365,-0.013647372653643037,0.009748131929195047,0.010345031940904675,0.029106576367312186,0.02748421003795693,0.02632158099464251,0.027350406215483736,0.029062289858442947,0.027828612857611196,0.024110865275998164,0.024778189443090903
2511.88643150958,-0.00839488073113365,-0.013831458904200216,0.008413804229308102,0.0071889057288060465,-0.008785976259257616,-0.009817287462999265,0.008670714558019502,0.013798993772577994,0.026631578149596866,0.025816078414425195,0.027609100925106864,0.024607420927872242,0.031008664686095252,0.02810605709620319,0.02738186506302314,0.02527819949069258
3162.2776601683795,-0.01817978914451332,-0.00981501328751431,0.015956908781577742,0.010202077933037833,-0.007920317987121605,-0.011199667574593088,0.01477129863486397,0.010436660760895642,0.024227710204376845,0.02745647826042177,0.02936660316963948,0.02489922293363987,0.029411781594224452,0.029283036718444122,0.028271507473103155,0.028391939232295254
3981.0717055349733,-0.004914694395166105,-0.015816048192805025,0.013370096017084974,0.006308341389889999,-0.008736005297627646,-0.009966082306249607,0.0141492585111037,0.011477693707087323,0.025928652110216596,0.02757195318270645,0.027731950070534542,0.024744070002598293,0.02749146095100348,0.025980339093383504,0.024909428126628184,0.022301215686985325
5011.872336272725,-0.005758942675378647,-0.009440983811298344,0.012326937961318804,0.007365050000371457,-0.006739678638646162,-0.016967223599517037,0.006615818269240686,0.004638775513108615,0.026621738285476107,0.024031107991563286,0.02768173741620547,0.029414136877559338,0.027327877272327022,0.029412098683987975,0.029283941949652344,0.027610032635021164
6309.57344480193,-0.009095904789905278,-0.008694233907276989,0.006332384735302948,0.008207966559978058,-0.0051150810098141986,-0.009144484821358647,0.008517350608160263,0.0001448032176935986,0.027039885389587605,0.02816076252900176,0.027547198289808124,0.026841413286878564,0.028608945529341272,0.026958167445962453,0.029569616408558586,0.024422562484377
7943.282347242814,-0.009538174181879777,-0.009259559835863254,0.010778143224511443,0.01390626661433203,-0.005309246770865623,-0.011388511780052969,0.013189733594212221,0.016195723692998792,0.026993105806357734,0.023793768073920724,0.026320459910147906,0.026646931694552307,0.026522547445648036,0.029790983030830994,0.0289311850638386,0.02803979985655253
10000.0,-0.01452753153734942,-0.005954365851649119,0.011187354724583695,0.007079263155795468,-0.005527191961463956,-0.007138065782552885,0.00813909478145223,0.009881104904705054,0.026804443771071353,0.027246850528267683,0.030068980200898363,0.028681809049106978,0.023645470313972225,0.025510539479460585,0.02827936068400815,0.024820427853467938
12589.254117941662,-0.011930715959144987,-0.009453190857782075,0.010352788773697937,0.01089781900680054,-0.012246395340805521,-0.012903511228803677,0.014643274489208602,0.005289548251928237,0.029746427542555038,0.026769893667211966,0.02573384132148866,0.0252850713729676,0.025711624856358452,0.02545357735148372,0.02645805731846616,0.024562398853947506
15848.93192461114,-0.011783912988199748,-0.013358053785714015,0.012236307801204903,0.013528572315802886,-0.011110388231101812,-0.013754290558091693,0.010394447888624581,0.0122915316128683,0.0266726064788277,0.026894280022972002,0.02614960433091475,0.02625525344320735,0.02655197214064233,0.028407961742330207,0.027734284257322713,0.02823430014895394
19952.62314968879,-0.012661829831589078,-0.010132334061302253,0.01018288060318888,0.013192406740529338,-0.010157989099331261,-0.013564295347069535,0.012982833278586452,0.01093922010847905,0.0286338781485345,0.024494469781961816,0.02846489071471944,0.030978063730114653,0.02621636229580223,0.026214716040672985,0.030507059783439053,0.027919165572285465
25118.864315095823,-0.012278087340295766,-0.015053018719087848,0.007595142565617865,0.007699614108858869,-0.012340509808039126,-0.009655152133615464,0.010293307932942973,0.011252589730703064,0.025857916725936892,0.02670599732681813,0.027790234670567474,0.03037286771905063,0.028724534123987674,0.03107703587296303,0.02574398581274367,0.026877910057385893
31622.776601683792,-0.008064501640948905,-0.011374326548817763,0.0173106082365562,0.013608703085359091,-0.007097875465035214,-0.0116984370591742,0.013550847809533199,0.011176645152259352,0.028974198853968566,0.02816888580613397,0.029389914496009105,0.024879398553088055,0.022878761343182147,0.027940152034810373,0.029397218891389354,0.027852333935781882
39810.71705534969,-0.009469483637597281,-0.013348211887610123,0.014929940160945896,0.011487264269739787,-0.011863269003644998,-0.011609795644554626,0.011456610052443982,0.007906063620650996,0.027864163770880048,0.02746381812408954,0.028441334527477345,0.028987390032192334,0.028631919504631162,0.025152913424838753,0.02508867464243061,0.032533547550378815
50118.72336272725,-0.012834225081004973,-0.011443074155996543,0.00803637329386761,0.010459262565577023,-0.012921390295678438,-0.014465150567013346,0.01112972842106363,0.01034161718129245,0.027534757952853015,0.027342371750683023,0.024306569535864086,0.02840554287326723,0.026524748806957817,0.026467525522200417,0.02827902941163484,0.026555081429883984
63095.7344480193,-0.008501518050300813,-0.013020748621084455,0.009080880489649616,0.013272165960183316,-0.009672277371738518,-0.007812872031639082,0.0035571385517630823,0.013510411940022206,0.02068233567137463,0.028675928722683385,0.024191193738507335,0.02977414417240553,0.02303327848412337,0.024174689856753723,0.026010363860253606,0.025532445379542742
79432.82347242821,-0.013393372839554496,-0.013372084199068447,0.012567512373081246,0.008592102731647755,-0.010102247784070546,-0.011297281707430688,0.013625354399041749,0.007743189171279791,0.024506712055877074,0.024854333720128633,0.026633249212771385,0.027517933353416634,0.027650612805047315,0.029704787662853498,0.03069569702822022,0.025255402170948852
100000.0,-0.010356147668745801,-0.01517834308200594,0.007509157042137728,0.009593846746111112,-0.014584636319327875,-0.009557441502266818,0.01130240335859391,0.010245266984232141,0.026328118838702546,0.026149265023918924,0.029367609769656182,0.03137953405545094,0.0255784859450419,0.028366584877923758,0.025906691558679276,0.029573695417079958
125892.54117941661,-0.006689805368616414,-0.015618607112769902,0.015361698950434205,0.010734818327556994,-0.006779027682242139,-0.014854361569448712,0.011404275802228497,0.012627684804931661,0.0286430785147697,0.029152177917220617,0.03242312940225413,0.027930971548001574,0.026721551916157354,0.029960266777738512,0.029409843763737068,0.02909011677501299
158489.3192461114,-0.01169853882973745,-0.014545028041318131,0.012211123490705167,0.0056508309949423255,-0.009280113090176855,-0.012916795419545492,0.01280156152105234,0.007952922594063268,0.028267683396083158,0.03100424485984392,0.02446872087834591,0.026084106144601594,0.027332261222376378,0.025434009343984494,0.02835639737617353,0.025949070519695052
199526.2314968879,-0.014495091511119567,-0.018321650330322372,0.014575831684270877,0.011988579242078159,-0.00992861021617427,-0.01013161206064994,0.008615397845091669,0.013112140897540378,0.023995580630377263,0.0250787144987333,0.030032696693851075,0.02869147389879548,0.02441230789845477,0.02708411002811734,0.027647114052917948,0.02629294284378748
251188.6431509582,-0.01211885084787234,-0.0020743659825655596,0.013479749000508011,0.0135541022736995,-0.007573382785515884,-0.013650458102320106,0.007189640172104145,0.009480044129727016,0.02791645655582267,0.026952635238283368,0.028205432016401532,0.028845940997639066,0.03211061063186243,0.03030751317085427,0.03059610289937824,0.029506657067805326
316227.7660168379,-0.013219757734795895,-0.013140053978531758,0.01231392635733701,0.012283467772765762,-0.004088955833785241,-0.012864602047343403,0.011765107787386502,0.011615750593696862,0.026216951146633645,0.024632522109620147,0.027440531769301568,0.026959104087620204,0.025389953711897895,0.02619332479820303,0.02918599535901994,0.025276608388536178
398107.1705534969,-0.01612651488226687,-0.012413526345256028,0.007082903785742669,0.010425125680574509,-0.008789552009156727,-0.01014016124739707,0.010921378553717762,0.014942215843989286,0.028164037614532053,0.024413813728637247,0.028384534216668915,0.02955590871923422,0.02560975263147709,0.027248127760795167,0.028452428752320326,0.024645367942779554
501187.2336272725,-0.013648203920234416,-0.012234640935540338,0.011778928284372244,0.0105680991323189,-0.005512115216062353,-0.011015035726571431,0.01277214688947954,0.01178004793159563,0.02821796859052612,0.028730710816812555,0.027141521897242234,0.027234596769625544,0.02569736726234206,0.028053399180038078,0.026462548646787255,0.026180601220545243
630957.344480193,-0.014973231261705387,-0.013548349567806907,0.007803997345865612,0.004110297644007375,-0.009387585983371477,-0.014205418103966711,0.010850561395221425,0.008976902045519396,0.029520401275801418,0.024424863486206868,0.027778946098910993,0.02507802038882011,0.02788398567450569,0.028477012221361404,0.02701571145923042,0.028506947061948153
794328.2347242822,-0.012675338822730194,-0.010470171081487135,0.01231172752318543,0.012812621730908674,-0.010377447649807844,-0.010337551585091087,0.00743767889758101,0.010158624312882397,0.025664311316078253,0.025710183003410162,0.028052510006329495,0.02906096698734167,0.027263127321178436,0.028097205722694942,0.026252326155861976,0.02823143782267546
1.0e6,-0.01717011809435186,-0.012770743818732735,0.011787368290392135,0.01163570426954853,-0.012900024002181189,-0.008386091730175467,0.012225632315817988,0.008820024632712958,0.027610932382914906,0.027004269381874172,0.026044687652020664,0.027430290300983037,0.028160786979636712,0.02667912467842467,0.027546345141616718,0.027374940751063132
1.258925411794166e6,-0.011569591890218767,-0.008365409328234489,0.007452198668449472,0.00704875890810794,-0.009626566334224014,-0.012239255081087952,0.010740977983532367,0.008761890625335268,0.02975982974469139,0.025352478875497384,0.02979821972817694,0.026302880703543762,0.027791142994740538,0.02505701834327973,0.02710645776761423,0.025961854633766535
1.5848931924611141e6,-0.011025437135740874,-0.007275509596803704,0.008489405525457273,0.009229458755936861,-0.008963324589338014,-0.011036965101705069,0.008438479780704986,0.005967567106573898,0.027244609130771532,0.027787371495895583,0.025052939788061234,0.03022681152370053,0.025471261670556983,0.026161776922965837,0.02853761157091958,0.025483131116790927
1.9952623149688789e6,-0.011549930994002103,-0.011141863280379853,0.008347590863366726,0.00034200856297538775,-0.007602150809561844,-0.010436559372760548,0.011106404695638455,0.007730150750772231,0.028378534132809278,0.02702943456544232,0.02696173304792819,0.02924983172982744,0.02463590471522006,0.025956895558848135,0.025841480833024313,0.028382683161170656
2.5118864315095823e6,-0.011362300070340368,-0.008747198075603431,0.005903294252800769,0.009237962212063662,-0.008473896100767113,-0.010265525890464691,0.008291096322500193,0.011663511534536273,0.027141812301485747,0.024846996173591346,0.026179683821147468,0.024380004817688792,0.030622329282849872,0.025919332240244862,0.026477248123904906,0.02578028272089181
3.1622776601683795e6,-0.011040413732046154,-0.008378273999617113,0.011289810964700739,0.00720657188245723,-0.01045308521840415,-0.007722027769965968,0.007208716638929601,0.00780014995706503,0.026135080873293522,0.027073833674471023,0.02669804526190914,0.027634791002602802,0.026848603216523652,0.02753319979791641,0.025985556376938876,0.026710408278067227
3.9810717055349695e6,-0.013261715023081492,-0.01039450512922131,0.010980577992110555,0.0036022651197240604,-0.010958620898706958,-0.0033890237709049546,0.00945865867609371,0.003594572226415932,0.029979436893654145,0.028969826322490674,0.026020281932945193,0.02500798302134722,0.026970365296262264,0.02347814297668354,0.02775380778548344,0.02534156767031411
5.011872336272725e6,-0.006179790161819041,-0.011821695079116925,0.009457493866400666,0.01277615347958233,-0.01215436899902582,-0.007319760004725024,0.004458419092392627,0.010129410583393304,0.02974510285117681,0.026096042155310143,0.02850694420294045,0.02854380746130362,0.028839781861343283,0.027005502566443393,0.02687838243877045,0.026779087219038235
6.30957344480193e6,-0.010882151009967419,-0.010822027118321498,0.010405275947344653,0.010821803992017728,-0.012507368392901081,-0.016439804178612332,0.010076875965989432,0.00956364014537478,0.028897364137347867,0.02911942049364093,0.026822630895706728,0.03006670977215213,0.027088218489415398,0.029464448069619006,0.027238706165551532,0.02608172522821835
7.943282347242822e6,-0.013544725722973714,-0.011464069474258343,0.009699046568010251,0.011102502405546428,-0.010126875733146738,-0.009767307367900309,0.012508234030662481,0.006492049125379677,0.02538527199184222,0.027736908569482528,0.028399073484494258,0.02769131874263229,0.029676563520619724,0.028776528657598183,0.028164033328662155,0.029815068985424197
1.0e7,-0.010763288382291557,-0.015459413957073195,0.014589035510512736,0.011735695412330887,-0.005778297966221094,-0.014639615830910791,0.012558268022983848,0.008253543297094136,0.02517800081196477,0.02733416960265104,0.028475712968034157,0.024842894559940543,0.024358836058556887,0.026783465217929847,0.028204686280771725,0.027752141488726793
1.2589254117941663e7,-0.010184770016565784,-0.004219084638882794,0.008364249691777244,0.0049252405902942935,-0.010933529621835008,-0.010831621929605469,0.006229102068104738,0.009608257071881876,0.02674143921585963,0.026368795662104757,0.027200711166562776,0.026621319109689713,0.0311219395572948,0.028350801832723142,0.02733647271397711,0.02766494652917255
1.5848931924611142e7,-0.011327778734256048,-0.012947773991010493,0.0031333169612557583,0.009444160392856213,-0.008561835238469906,-0.01091436623848329,0.013019995970283728,0.004612691569366564,0.026853650184804317,0.02770698025017363,0.027376739077805492,0.029340128026962054,0.02783819159058321,0.02648775229607101,0.027582092546480724,0.029305259081930796
1.9952623149688788e7,-0.009390146768924827,-0.01248498516715589,0.009546146194295661,0.011828036301262373,-0.010746956197021963,-0.011234560737202665,0.011383018356003994,0.00594753729127092,0.025896984267030642,0.03223658750384899,0.027925875164382857,0.02700604635948485,0.027490509695692056,0.0271821000417327,0.024639418735884877,0.02687209089801887
2.5118864315095823e7,-0.011596990637608036,-0.008992275070351644,0.00819303311719779,0.007122276959161034,-0.010427117138921853,-0.011616427709976885,0.007698133536620808,0.007392745094875392,0.025246534510176312,0.026428568694737586,0.026265215947697717,0.025769725368781665,0.029776878945560033,0.026635567059274654,0.02818718845118747,0.03060338104427622
3.162277660168379e7,-0.014813980391625042,-0.011376496877788663,0.009107985081553725,0.010572827674239657,-0.007790085563885081,-0.010014647659853158,0.013347072281299027,0.012094043298753649,0.026133709726532037,0.028436472858098933,0.02682781242473911,0.02924255169765052,0.0322034773693087,0.02727865400163244,0.029514868635103372,0.025242709986519736
3.981071705534969e7,-0.011406758345648825,-0.00818713944632102,0.011183385105856265,0.011371944948002735,-0.008699254020376114,-0.00962932957727708,0.013237540077563852,0.006182199755606394,0.0266345017238729,0.025239688991282573,0.02705465017406071,0.02679670342741678,0.025098363657798373,0.026834069957320798,0.028106569616507506,0.030616309232667553
5.011872336272725e7,-0.006959394446950466,-0.010249642273271894,0.010672059984065247,0.010779070410594383,-0.013804124612422052,-0.012863282161659712,0.011757802957799149,0.010710239526119993,0.02888443304673775,0.026386618794037496,0.025052347572736753,0.02574902106825077,0.026438426689476664,0.0312732298405474,0.02584714677149292,0.024993071108843284
6.3095734448019296e7,-0.010724379356266486,-0.014302955121082069,0.007798842878830281,0.008730321985598298,-0.009450458655700909,-0.013183557643007701,0.009198318932570752,0.007582818611121421,0.025000644590910937,0.025706941249496795,0.026402189196113264,0.027004056487030394,0.024935050066373737,0.024751815840096145,0.029244426974937027,0.020888761963844628
7.943282347242822e7,-0.007610610842150741,-0.015525919363984309,0.007611983365240521,0.006571079394167804,-0.015629382799405945,-0.012821936515062918,0.011264825969671845,0.01110080827415315,0.02687643396775194,0.02349213187953856,0.026759145385018668,0.03064061236043469,0.02971614832935151,0.02650503388802847,0.02515228140478958,0.0250545420531444
1.0e8,-0.009470892998677824,-0.013414590675268302,0.011938378964050297,0.011048893852305215,-0.006355551652202269,-0.002484644008060476,0.009369368884794135,0.010625317639859038,0.03202976154689194,0.026428457144662174,0.027450793131690264,0.0294350299917862,0.027686253186394474,0.030722151470553963,0.02934494692744412,0.02650226264981152
1.2589254117941661e8,-0.007550121145286773,-0.011860522416239961,0.011333575013838285,0.012110484733590884,-0.014865154127914913,-0.007646477222030631,0.009784370292936695,0.01042778120677337,0.029536092603761985,0.026321970635183198,0.02611620606175708,0.027584530841772207,0.025389738279340636,0.027677843524116515,0.029276778264607946,0.027884891645435974
1.584893192461111e8,-0.011510200030641767,-0.010813043574223502,0.0054348314787383036,0.008088729358332587,-0.007274097311727796,-0.010212293331154027,0.008709237345258131,0.010335606240810188,0.029572643018494466,0.02555704143507041,0.024552783242830178,0.026759581411846586,0.027092146194263735,0.024875777298352875,0.02726773469291136,0.031033898625276137
1.9952623149688828e8,-0.010756817801526418,-0.009454239270617398,0.015665427749830173,0.012250742117998654,-0.011160699692356777,-0.011055780230382716,0.0078842910147602,0.011647658868561069,0.029323304987671592,0.025416375761318038,0.02987094861255861,0.028114588846935483,0.030327957377026583,0.027243477717668715,0.02632983926083312,0.026554664293426178
2.511886431509582e8,-0.007763494683657066,-0.011531339531309059,0.008792280896628858,0.009271172976413408,-0.01360790144211655,-0.014360278373751749,0.005341916574720683,0.007966688130472091,0.026623459842443926,0.02769797131289196,0.026430592872438426,0.025003843713548798,0.025923738321507073,0.028051263728421694,0.02848037338380586,0.029225622406564542
3.1622776601683795e8,-0.010243460026317807,-0.006558243565925871,0.0048717726934508305,0.015949559538050544,-0.009262097027567603,-0.00937277947814675,0.012361982072645624,0.004918710643373248,0.029484245630279366,0.028001103571580217,0.028827482519331822,0.024296437476397138,0.02861756318886855,0.023597100398320057,0.030677363188572972,0.02728950956647197
3.981071705534969e8,-0.011033422747497879,-0.01157328698146309,0.00996108965401566,0.010679516627772978,-0.009730115234426462,-0.012109679142221845,0.011311033217659727,0.00912298044641289,0.0304475303666209,0.028448631687123683,0.027934280025891347,0.027693203167045714,0.025160906524915382,0.026774518753907156,0.02885381714095423,0.027921114843825277
5.011872336272715e8,-0.016244169102092556,-0.014277717717496505,0.011559966825515548,0.009075822757094265,-0.010533666517209907,-0.010576770735913921,0.012345732845263016,0.010237386099715222,0.02658007318466972,0.026095919519355488,0.02829220072704666,0.02534823342603872,0.025618536109534178,0.02746885544717693,0.024750265706060703,0.02304292656332245
6.309573444801943e8,-0.00426699945988328,-0.009953015648139564,0.011948373748853493,0.014864419339849198,-0.008132483653925791,-0.011551764281146333,0.007245488750211983,0.012772140163868642,0.02571113982558018,0.029477479776246186,0.028509611755367092,0.026317471992267916,0.030685340699647227,0.027386148386700684,0.030477321327039203,0.024565440914916654
7.943282347242821e8,-0.006472861047594447,-0.01250168304928257,0.010275275236866091,0.01429171116377233,-0.005832630637913527,-0.004231520593407576,0.009834897155365188,0.00967360077065458,0.031826670216941584,0.026665575226751465,0.02717864192206992,0.02492425424610258,0.027383646017131544,0.02681747706859893,0.02761948681287498,0.028405956248103367
1.0e9,-0.0083366321245757,-0.012177640243189902,0.00716908125866583,0.00877260068077941,-0.00455754464716723,-0.01538940685310612,0.013336140895078317,0.00827072335811578,0.02786072840802004,0.026989422947152567,0.02593639854349307,0.026777622197923838,0.030268112648392482,0.027557021049942756,0.022985126418428543,0.024884317473597744
1.258925411794166e9,-0.008382329350753063,-0.012853986135833155,0.01467838000447112,0.010515783621458996,-0.008104214934326042,-0.01190585818179795,0.006849308027376855,0.00949168539346605,0.0284285600707819,0.028206527784397945,0.027511540697734607,0.025278859926466814,0.025262281275478027,0.026558008649507546,0.02897119515529999,0.029111818767527692
1.5848931924611108e9,-0.006113862417242594,-0.01413951370716916,0.007883484139683775,0.014474071924118651,-0.0073492500242547006,-0.013054401789783968,0.011714186956818678,0.009694983853434792,0.028295025608700182,0.02984602120226191,0.02624475396858398,0.026507442828006874,0.026091921529206634,0.02643507024928953,0.026371411195573083,0.027041152999241792
1.9952623149688828e9,-0.012424402627283069,-0.01574819832501108,0.015608952714396941,0.014300556130252749,-0.011874362732965748,-0.012494229493083375,0.011660694679825829,0.012552692390925272,0.028958823927425662,0.027671521423315023,0.027180359724423273,0.025175868991556865,0.028444233120174172,0.03013568808715034,0.025131957230848125,0.027521795768989492
2.511886431509582e9,-0.006762398284555984,-0.014225599700817083,0.01191136016559814,0.011159096726933779,-0.014690411202420645,-0.009662244104863103,0.007388619388863681,0.011199460955673,0.02538894863196668,0.026394886863275475,0.02812467860208851,0.03037599158885871,0.028451220104832236,0.028130662071607363,0.028159303933138684,0.02877612656440386
3.1622776601683793e9,-0.010534584115321889,-0.00919800054588482,0.00949390941934423,0.012134208749104803,-0.01294295019519693,-0.01013849281148868,0.010299066085990127,0.012549222034495018,0.027906607267686147,0.02624078350459794,0.02816262213783839,0.02642178964802092,0.029185210326216526,0.028735850963082465,0.024405685342925754,0.029371793018046807
3.9810717055349693e9,-0.012460704652880782,-0.011107028274120568,0.013372950756803746,0.009997096812886274,-0.011147937178098874,-0.012593492555702298,0.014028514593339501,0.007145307609585344,0.027996986607387926,0.024713208980638043,0.028434750362375118,0.027509905272401144,0.02663093296316345,0.029563386293701786,0.028936523684313174,0.023838843620143286
5.011872336272715e9,-0.010570368794793512,-0.012067249969452295,0.011460197560380418,0.009490312843278621,-0.01116970684021869,-0.007472723742107928,0.0020937023065030424,0.00976103304096208,0.02830926608208771,0.02505268023968334,0.027430749478072287,0.02703589760634166,0.025553068376265874,0.02672954545084811,0.02820211177264269,0.023541286816955314
6.309573444801943e9,-0.011492648826598215,-0.015004415511724923,0.007919056379468204,0.013097166555007572,-0.010042134277268442,-0.00917742396699609,0.00856347654444929,0.007259239130322134,0.028011593732312743,0.02495931567619397,0.027104773684402107,0.030022914616596317,0.0287171168327135,0.028161875560036194,0.026696598453772775,0.03148011003347766
7.943282347242822e9,-0.009720952160882758,-0.010973185772303388,0.009810378372905246,0.01363769114061909,-0.009098183374689367,-0.0098207792488416,0.00807599630262492,0.008024136409201386,0.0259889943109121,0.02579724979139058,0.026866501990811083,0.030189243794428833,0.026492002435306795,0.0264826686317264,0.025889984216888765,0.025151691734075176
1.0e10,-0.008495721052972409,-0.008661620984708898,0.012577631072063597,0.00972954629660147,-0.010469206566773937,-0.014048704100154137,0.00619539739868991,0.007355877947349116,0.027143318100716483,0.028302950594867593,0.03008115469505707,0.029481816961899884,0.03253588535132478,0.0294465824960607,0.028043479941222266,0.028723161781523027
1.2589254117941662e10,-0.010287181296136432,-0.012182012599641233,0.008435135467751282,0.009627899015650464,-0.006806861211669781,-0.009935890104930215,0.00463811716812808,0.009130653653113784,0.02853002052665065,0.029892799451474047,0.027002009466900703,0.026337377477986458,0.02769233292138958,0.028004225217352876,0.024861798632546284,0.023950581564076538
1.5848931924611109e10,-0.01376928495255074,-0.013367639551608133,0.0042652083046983156,0.011173644136495665,-0.011535307924302,-0.01145835734850524,0.009430878995190194,0.010202603183788394,0.02944419423947032,0.027126400803416283,0.02762785103595026,0.024644692095982364,0.026460637859615364,0.024700199122350205,0.026773960284425136,0.028902294121096357
1.9952623149688828e10,-0.012686154566099018,-0.0102324292939759,0.014547584823281796,0.013214373677679398,-0.01163644249748099,-0.013712836736060306,0.00845103859473165,0.009113337337936794,0.028999555535457112,0.025773529536846806,0.031054086330083976,0.024599689518520887,0.028706288101169864,0.02739994401491516,0.028139817257184833,0.027884673738802122
2.511886431509582e10,-0.014437593408504258,-0.007710156255347415,0.012525307908332744,0.009199889023782633,-0.009728345464245766,-0.011774748254985895,0.011128245765271416,0.011933109987047039,0.026948946533380782,0.025654007699959982,0.023255025385222977,0.027194474986795423,0.027261263657272074,0.024945230147664803,0.025432696091189238,0.028963993821298772
3.1622776601683792e10,-0.015372824141397515,-0.014497946523632975,0.006236588051395566,0.01155562231657079,-0.013097606799074062,-0.011900781268476702,0.011936573580612604,0.010211921910037926,0.02634430018900252,0.025123400374070837,0.02969601319133238,0.030892323477393957,0.024763992362874708,0.029457863380702377,0.02873540085209666,0.022580248079596205
3.981071705534969e10,-0.016722825630840592,-0.012064293971030975,0.013437817770241306,0.011136265375376452,-0.004973914026993745,-0.013111489702095802,0.008815627948599773,0.0072240939335089915,0.02684758425131344,0.026465547334696273,0.026228561492240957,0.0307811040318339,0.027815447986471564,0.025743192512553633,0.028013214881803812,0.024352237080818556
5.011872336272715e10,-0.010493302409099478,-0.015018660244693186,0.011226032714290719,0.008243134723785298,-0.009073601053623256,-0.012261947887814801,0.01089441843276653,0.00579022570897582,0.026225504468899617,0.026865368369263357,0.02498257612699147,0.028449124057150194,0.024666159631597993,0.0267706561319808,0.023890202057328225,0.028743156796266562
6.3095734448019424e10,-0.013171973630394011,-0.014002227271985548,0.010086929502799963,0.01130106411942476,-0.01137200696141914,-0.009251966887132054,0.008038701825494703,0.008932152723168189,0.026379286400709752,0.025907633817755342,0.02751200196680686,0.027680079000058807,0.02746707724566729,0.030167266699889925,0.028276453680033977,0.02508476014541989
7.943282347242822e10,-0.013983356801770758,-0.012797851629578704,0.01233767146046746,0.009703202838389949,-0.00817119900604192,-0.010291763355673236,0.008837537152777412,0.01005543655667748,0.029659037607017345,0.028055290578945454,0.028863795280460482,0.027489497812208236,0.031145102843477,0.02871114017734621,0.02735610897048064,0.029484643796432782
1.0e11,-0.015288037821079287,-0.015306376212760419,0.007866694224345574,0.006302403202127647,-0.011540658852537985,-0.005593548431112721,0.015989428468187617,0.013434319260567498,0.028040841902879535,0.028861769235932786,0.02363373655012356,0.028358301167575137,0.02778127938489773,0.030135527470911003,0.024120821354476185,0.032661966422766385
1.2589254117941661e11,-0.011005735576875137,-0.009298014088365227,0.010737437729999518,0.010564824104222484,-0.006052137654033987,-0.009279982011420369,0.012423430665123351,0.011942462364189815,0.026484827129741248,0.030463626290684068,0.029631426721362205,0.026353468674206036,0.028853957510197897,0.0249371194315532,0.027918175502296392,0.028005768887612633
1.5848931924611108e11,-0.01253526772761344,-0.01022715895859076,0.011752435751848273,0.007986707197026393,-0.01090067571877294,-0.013490850148701895,0.007865223832452735,0.013386146506963445,0.024252049557382877,0.02692357984224679,0.030692264004300775,0.025260658717224806,0.02361715410486377,0.02566088134879791,0.029122778407334102,0.029095354905874112
1.9952623149688828e11,-0.011036703738721261,-0.010703131986785021,0.008890169811553557,0.01385526510864681,-0.007167501499606657,-0.012591925600612907,0.006621909224093943,0.01034201160827469,0.03086885454383005,0.023865998876468803,0.024072403017732228,0.025598817355098637,0.02584988795191044,0.02646244587264889,0.030443679426960038,0.03058587499676218
2.5118864315095822e11,-0.014292370548360243,-0.008683954454929557,0.008600498534740281,0.01089825389908757,-0.007391281931035508,-0.01099271158114504,0.010516177902703365,0.01362520830369267,0.02776068748257845,0.0285588513292024,0.02640661702321909,0.02860088276105976,0.02659629888773959,0.02564486525567129,0.025771452333598673,0.028574759329547703
3.1622776601683795e11,-0.007200133010637234,-0.01272484752649834,0.009596458798980082,0.009367677228712365,-0.007210116054832186,-0.009692963585231617,0.009067114010788909,0.008255776588052087,0.026641008261295392,0.026927261092077687,0.02695873359082034,0.025343914983930287,0.024455397587908073,0.027642186107461223,0.027463938926569464,0.024803455915219663
3.9810717055349695e11,-0.011639832615290651,-0.010755684755936303,0.00980320800312414,0.010967770443696708,-0.013379805553754917,-0.013549967750205677,0.016070927835647054,0.007659823510897488,0.026376922258788384,0.02691489431294222,0.02482135930245228,0.025912159997757433,0.027575842921537336,0.02242007945746025,0.02551653428851213,0.03146555818107894
5.011872336272715e11,-0.01249761343345602,-0.014935694699928143,0.011520869156698635,0.012806588212822337,-0.011418191513763583,-0.013233928102455326,0.010352052128004989,0.009598563785973376,0.026396369430216227,0.028433516949598982,0.02526597077897542,0.02480987369790028,0.02327047064341039,0.02441549652484156,0.02875093106050813,0.02518540502251351
6.309573444801943e11,-0.008985810486186373,-0.011939418245978113,0.012276790002294556,0.005942073296851659,-0.005468194874795257,-0.015146313461229072,0.012340686932258885,0.006497089277923385,0.03017372674081327,0.028309010223295947,0.030030528771156466,0.026980048062346454,0.03111062603221289,0.028680575140151144,0.028666267683001734,0.024518888008915992
7.943282347242821e11,-0.010528511133391458,-0.010966302792008125,0.01651579776710845,0.012530603328361489,-0.013387094885852597,-0.012190339967733943,0.008415762457847975,0.01039589162439069,0.024017865903911546,0.024680874853671354,0.025728349883489293,0.028579465130219906,0.027874807981383767,0.026612314014417406,0.02640178066871938,0.027041803118356487
1.0e12,-0.010724260023546676,-0.015700386876163305,0.011853140088547584,0.008171379372604017,-0.009905270756049094,-0.009050019602744456,0.01262209450259268,0.012386565763210849,0.0312748970395792,0.02700270339457432,0.026976085890864483,0.028507916543164192,0.028652945823603122,0.02754155406095045,0.02400901688017192,0.02442614584192443
