10100.0,0.0,0.0,0.0,0.0,0.0,0.0,0.0,0.0,0.0,0.0,0.0,0.0,0.0,0.0
0.1,5.244302524215753e-10,9.563986599352129e-7,0.0011785356394787784,0.997640809344703,0.0011787409587680293,9.566093788558976e-7,5.24582063288704e-10,3.197539855995898e-12,4.402572143759788e-9,4.20414375496628e-6,1.3746089811111036e-6,4.187927135772803e-6,4.382241696453447e-9,3.181967824514084e-12
0.12589254117941673,2.026328360503909e-9,2.354612468576032e-6,0.0018483617919288467,0.9962980510539957,0.0018488730548594902,2.3554331629218735e-6,2.027256083810471e-9,1.955176793206607e-11,1.7148012960158224e-8,1.0463352540228487e-5,3.3766970488856272e-6,1.042354575157339e-5,1.7070603373819284e-8,1.9459155821500997e-11
0.15848931924611134,7.694780095789685e-9,5.730294723172235e-6,0.0028814420878181916,0.994224370006329,0.0028827087647805417,5.733451226294081e-6,7.700345496421232e-9,1.1739881701106614e-10,6.595883436529161e-8,2.5902836400186886e-5,8.18471668585095e-6,2.580645713543884e-5,6.5671744441724e-8,1.168672660461786e-10
0.19952623149688797,2.843283591080921e-8,1.3695767538754181e-5,0.004449815110234956,0.9910697959977007,0.004452928553013442,1.3707673411324014e-5,2.8465266947324304e-8,6.850965192332631e-10,2.488011756461347e-7,6.359008471756561e-5,1.9412986501973436e-5,6.336187299112494e-5,2.477803852240946e-7,6.822178894688025e-10
0.251188643150958,1.0065610728755914e-7,3.182950785081106e-5,0.006772450693957114,0.9863836363083818,0.006780008906114115,3.187309086809293e-5,1.0083671931848288e-7,3.823823528072221e-9,9.106990405831304e-7,0.0001540842620801458,4.4421725918407545e-5,0.0001535633753226506,9.073089492994458e-7,3.809681591282649e-9
0.31622776601683794,3.3330787230561666e-7,7.086567592372063e-5,0.010080769900550205,0.9796779125053962,0.010098766178802189,7.101818576176178e-5,3.3424569620556385e-7,1.992101445853613e-8,3.1851902910079816e-6,0.0003658711279164122,9.558666857566754e-5,0.0003647545278294219,3.175139193288509e-6,1.9862592907638647e-8
0.3981071705534972,9.953441925083977e-7,0.000147901937503368,0.014515070675735132,0.9706299808004233,0.014556649944896487,0.00014840157564716163,9.997216044961228e-7,9.34203462556989e-8,1.0418314782220124e-5,0.0008420784489921953,0.00018362520494716645,0.0008399464462756254,1.0393990072341923e-5,9.325261964370404e-8
0.5011872336272722,2.5384500974868102e-6,0.0002806917539554854,0.019921621091553644,0.9594971012135293,0.020013307299601667,0.0002821842958334734,2.555895430902998e-6,3.744739359367408e-7,3.100444245619241e-5,0.0018479160625456301,0.00027444329573600353,0.0018447690994480665,3.0967795961808715e-5,3.744117761656435e-7
0.6309573444801932,5.11820747187299e-6,0.0004653671521358746,0.02561296113987888,0.9476410594367511,0.025801009282344196,0.0004693109827247313,5.173798693103102e-6,1.1997453523068357e-6,8.141735806140372e-5,0.0037728189608418187,0.0001334975019215329,0.0037714266881564286,8.145297457255005e-5,1.2021996787693602e-6
0.7943282347242815,7.486337385775905e-6,0.0006456467870254958,0.030403620003847855,0.9375326909660832,0.03074838158322465,0.000654554634343681,7.619688083499395e-6,2.89550142247768e-6,0.00018334867625343498,0.006920633214701972,0.0010785232808373166,0.006932944587903244,0.00018387761387509766,2.9091808762023334e-6
1.0,8.444719647709485e-6,0.000758864873527803,0.033402312965401686,0.9311104890228574,0.033935760678017436,0.0007754339416409413,8.693798906889927e-6,5.6365768729752326e-6,0.0003470000092434791,0.010943643439264747,0.005153638748990996,0.010999083785518575,0.000349268076829579,5.675188657706668e-6
1.2589254117941673,1.2680203819536737e-5,0.0009500790969005263,0.035061588867779256,0.9272736457021391,0.035713433495833474,0.000975446018849013,1.3126614679715738e-5,1.1448712747215256e-5,0.000561098532373023,0.014572591425459762,0.013353850122724595,0.01470233291346685,0.0005664880429036893,1.1517068534876249e-5
1.5848931924611136,2.087741451653695e-5,0.0013410587661590299,0.035738706562955275,0.9251377062439954,0.036364542074742844,0.0013755219934365934,2.1586944191294604e-5,2.022750137428565e-5,0.0007968987427638341,0.016909899721006025,0.020768960512571814,0.01708555775843565,0.0008048563482080999,2.0262988648248568e-5
1.9952623149688795,2.1011016410922696e-5,0.001447476756033337,0.03248576469598514,0.9315126988857292,0.03301970267398522,0.0014913710415036842,2.19749303511621e-5,2.521546718651641e-5,0.0009723873939699935,0.017904379872289242,0.02092762496371253,0.018107500283496558,0.0009839682033380035,2.538568347331469e-5
2.51188643150958,2.2613303425744144e-5,0.0016902927574015164,0.026729853490372286,0.9428321873683516,0.026963718903139648,0.0017377392664113074,2.3594910897313698e-5,2.713280093378777e-5,0.0011323214497526751,0.014808416768148959,0.020217643876437104,0.015040796856037273,0.0011532742032521782,2.7874211430854925e-5
3.1622776601683795,2.0100492544112064e-5,0.001822353523645928,0.02041244684717727,0.9552583038003826,0.02059603663468376,0.0018698848184623771,2.0873883103939173e-5,2.2989753485571963e-5,0.001382055705250535,0.00929455846348084,0.01260946400007861,0.009226246554960288,0.00139997689660791,2.363261635774638e-5
3.9810717055349722,2.287378574864155e-5,0.002072085290973122,0.01983313838681697,0.9557963508705973,0.020122172313660123,0.0021299148511889797,2.346450101261177e-5,2.5718628143942775e-5,0.0016845191237316276,0.008043142431663713,0.010907236122417951,0.008132777147780448,0.0016997188515647482,2.5425090445866408e-5
5.011872336272722,3.263099106447704e-5,0.0024310322129958164,0.025268489975872138,0.9440835426602675,0.02564184817748861,0.002508496024114203,3.395995819986164e-5,4.3181120419036754e-5,0.0021072256574748,0.011697581972899803,0.013942504945945271,0.011841556634821481,0.0021305542271054458,4.2735908090516015e-5
6.309573444801933,4.4224548294235205e-5,0.0030420040969276925,0.02705456571554337,0.9391983019334363,0.02748730167543061,0.003127531129998896,4.607090037049249e-5,6.783653209127486e-5,0.0030551404162572618,0.014565313377801998,0.019993963502513906,0.01473781830649409,0.00307744821547921,6.765195495822169e-5
7.943282347242816,4.1255182070798654e-5,0.0034420678892610906,0.022039227863033622,0.9486973715188891,0.02218708037951268,0.0035499014359747774,4.30957312588123e-5,6.589713933044736e-5,0.004148856432318395,0.009983981518853704,0.014385705635172495,0.009998666502528692,0.004213964458649951,6.713267150889843e-5
10.0,5.3432105664370895e-5,0.003904227827380846,0.025463453621118532,0.9403063008285713,0.02618231629134407,0.004034335561049,5.593376487143489e-5,0.00010341708546109954,0.005528449286755275,0.012763560097829148,0.017436567903816664,0.01298588893524033,0.00561304704134332,0.00010336844754441471
12.589254117941675,5.713976448489563e-5,0.004518294325583551,0.023584613830327998,0.9432441787909355,0.023875424708652882,0.0046607139664182505,5.963461359644463e-5,0.00012671809112105957,0.007759840116668089,0.011225885090630895,0.01804368997040619,0.01122856292180172,0.00785076845349299,0.0001253149027017655
15.848931924611133,7.085015019039909e-5,0.0051814484199165225,0.026028075449987965,0.9370286481819033,0.026261472615927095,0.005355656016803741,7.384916527193176e-5,0.00018795411184751188,0.010676580195556028,0.013586708433902299,0.023792477112281798,0.013587733361362275,0.010789040884814414,0.00018856711532578733
19.952623149688797,8.457193028473088e-5,0.006009844262301707,0.026523512143727446,0.9344398703776609,0.026690404511501318,0.0061650134372759555,8.678333724772969e-5,0.00026768015259991736,0.014845946998205546,0.014016320134964679,0.0288696420483243,0.014030867615507092,0.014912317334491103,0.00026155310950982957
25.118864315095795,9.880593855072916e-5,0.007277158228246531,0.026519151006304496,0.9317972275944443,0.026831581396788616,0.007373422932076561,0.0001026529035900146,0.0003503424083278755,0.02092222554832193,0.013966095119330725,0.03486691933414887,0.014032831932335156,0.02086704609188602,0.0003513658498625321
31.622776601683793,0.00012234302636652232,0.00894691805367302,0.025479175536351668,0.930274107347519,0.026025673531185022,0.00902944606089213,0.00012233644401249538,0.00048284976699107356,0.028568992982005093,0.013264516546403765,0.0448738743187729,0.013523355133885612,0.028470256314921623,0.00044740871018117265
39.810717055349734,0.00014603899632221773,0.010612068486779756,0.026122920637025454,0.9258672158969945,0.026299309439423716,0.010805145652032286,0.00014730089142066786,0.0006369546617964176,0.03850308973500488,0.014906807695169624,0.0593236216643314,0.014831882602420311,0.038435512693486495,0.0006082406703733658
50.11872336272722,0.00016622111732757092,0.012064641682083238,0.026805677781615526,0.9212243134205242,0.02719294818283275,0.012377208707190482,0.00016898910842531411,0.0008195938193019624,0.05087407456731522,0.01640220516957443,0.07700149556466655,0.016634233262743093,0.050625521655151086,0.0008031878229389525
63.09573444801933,0.00019306613127644567,0.013981614166182843,0.026691334036916793,0.9173239321110155,0.027301077158969487,0.014311034801607288,0.00019794159403176788,0.0010315998303966826,0.0643953663009102,0.018163630722982334,0.09717310532126681,0.018288622506451385,0.06366366727480528,0.0009748138774001232
79.43282347242814,0.00020981146601713107,0.0149066306010607,0.027679188482684965,0.9139391475743867,0.028061589664316898,0.014988219717908527,0.000215412493624515,0.001226038028461546,0.07651757422650728,0.02086630211968778,0.11505014334946595,0.021001150984107122,0.07528536123149378,0.0012478631476410243
100.0,0.00020172827562537962,0.014861076131450731,0.027783056142987338,0.9138095904520108,0.02838284689543653,0.014736565068201125,0.0002251370342892108,0.001133512637047612,0.08101014061574331,0.0243604656090491,0.12429618115613786,0.024748152681249882,0.07971692052545876,0.001541347285412175
125.89254117941675,0.0001780342776926346,0.013056925394789795,0.02850853855338577,0.9158931769288253,0.02897065095534461,0.01317865043258055,0.00021402345737991994,0.0009331557860481877,0.07142335748852592,0.027770451064391903,0.11423228817255265,0.027708220102055068,0.07101127458094854,0.0019771126394268076
158.48931924611142,0.00014848891095605528,0.010182767895677024,0.02862284280020216,0.9217849022670398,0.028704636838714114,0.010366449994631393,0.00018991129277721465,0.0007005053707375392,0.0474902726964874,0.030506306974108877,0.08639039977980345,0.029003124311043772,0.04766599699669293,0.002582927056286722
199.52623149688787,0.00012869280560395805,0.008723800323590979,0.02895402671820293,0.9243260566919449,0.029014997491103273,0.008678069186457903,0.00017435678309828386,0.0006282800998995565,0.03707979937410017,0.03239004047902247,0.07270539210893091,0.030539945991863018,0.035086835894337635,0.002873324625902798
251.18864315095797,0.0001598948170606607,0.010775227542828095,0.028686084801348426,0.9205834812688186,0.028834586361910094,0.01076367609938442,0.0001970491086496096,0.0008788238192799737,0.04927868568738711,0.03435054951213755,0.08690139848902809,0.03159848545675124,0.04795376679901111,0.002646634455589348
316.22776601683796,0.00019593749587189924,0.013061685329607518,0.02915254855558675,0.9149471479803958,0.02924817575894085,0.013160691797044134,0.00023381308255215812,0.0012808514561344088,0.0703388996539642,0.037067500639633724,0.11425836953582967,0.033311106800796984,0.06939869192986559,0.0033166995022416578
398.1071705534973,0.00016004647401493468,0.01000414234531355,0.0292887045718697,0.9203786232537192,0.029446803206225235,0.010489845289819463,0.000231834859036981,0.0011170895842691842,0.045837772283178285,0.039313642222553825,0.0903600526572561,0.036555082627895696,0.04705375839879784,0.005452359118157925
501.18723362727246,0.00019191178350773394,0.012251712691076399,0.029375315629721715,0.9160683340121806,0.029656984425905867,0.012227976539088274,0.00022776491852056672,0.001653066394923648,0.06287642950503403,0.03948721803668841,0.10795170305392013,0.04001461483013197,0.06095650081140347,0.0036706975898582643
630.957344480193,0.00018311293378955136,0.010245209316075901,0.029411246086233817,0.918728405831744,0.029997999417996864,0.01121904737470974,0.00021497903944574115,0.002300138519895006,0.04772247756473142,0.03977589520230125,0.09541956815425709,0.04085304365071487,0.05172851256243562,0.003600288386145083
794.3282347242813,0.0002132821937475265,0.01160921729027866,0.028923133737589413,0.9174616099055859,0.029547538930169412,0.012037927991535372,0.00020728995109393274,0.003569946439066715,0.05839804584998138,0.03931195427297758,0.10418142290934981,0.038354342077517714,0.05890856357835569,0.001666037645223911
1000.0,0.00022899465265541178,0.011199013080537026,0.029131686231020387,0.9184224787995175,0.028757315918228617,0.01204051799805838,0.000219993319979356,0.004665472050790267,0.056826560955263034,0.040047289552001486,0.10204431032142747,0.03280996526452233,0.059468641258516475,0.002239641872669184
1258.9254117941675,0.00025025553120368576,0.011451596638657581,0.028858521684551733,0.9182039524864579,0.029612229373428535,0.011384268319478776,0.0002391759662171354,0.006280820278177792,0.05788461074805772,0.03505378040060477,0.10041636752535425,0.03741956096190524,0.05593736627659025,0.005286473480455235
1584.893192461114,0.00026095800315664865,0.011362454470223922,0.028851948525121,0.9183400241980858,0.029507729656132794,0.011465509646387723,0.00021137550089361394,0.007390615259768758,0.056139959187110455,0.033958195423849376,0.09903306803537558,0.03662570857565572,0.055408780682975355,0.0020263260126141855
1995.2623149688789,0.00025827806849801555,0.011145542095847798,0.028800321517533433,0.9187895396568497,0.02911691741444006,0.011672323078845534,0.00021707816798385908,0.007350492715336742,0.05502477432851415,0.03568408708495363,0.09784881341621886,0.03406840230205966,0.05653905677256019,0.002817711695872671
2511.88643150958,0.0002402407748354654,0.011501273317145328,0.029349804317701858,0.918638072226942,0.029074150100751935,0.010991923218654947,0.00020453604397040152,0.00496589498748515,0.057094185185779245,0.03981817675862175,0.09869115746539443,0.0341983139840276,0.05271405353589497,0.00198918485653442
3162.2776601683795,0.00020448290972101065,0.011341584048957718,0.028995263106308955,0.9184470086277189,0.029385765619314132,0.011391807002563089,0.00023408868541675287,0.0021715545649742024,0.05699563612000855,0.037455147068954746,0.10092258458303227,0.0367365273641004,0.05627042323725759,0.004856087981654266
3981.0717055349733,0.00023287439804563952,0.01131346212364351,0.028857455380485605,0.9179150246024469,0.029602688520926516,0.011810790951226034,0.00026770402322438916,0.003524873689931423,0.05742239452018956,0.03625747605313759,0.10211749293182595,0.03696396045158622,0.059459433924183284,0.005654064760203225
5011.872336272725,0.0002982589362607907,0.01123007600879762,0.028736296837988066,0.9181752596922528,0.029241309192773467,0.012092882666839319,0.00022591666508617566,0.008029887440643469,0.05626499950728468,0.03423112520057341,0.10012255189985636,0.03508212671364464,0.05827976707216003,0.003816371704555618
6309.57344480193,0.00027412782206931907,0.011211387164429957,0.02904468949540052,0.9189201292717329,0.029244240934617593,0.011091234942877774,0.0002141903688716174,0.00591377192599597,0.05654939477041991,0.036064943362567964,0.09806523525380255,0.036357328786820034,0.053726079792192516,0.002359858344274086
7943.282347242814,0.00030540248438417787,0.011110975527779883,0.0287560179407707,0.9192995786549599,0.02943777666717096,0.010903305348299254,0.00018694337663356777,0.0074278812177644305,0.054474038897006256,0.03345939521696711,0.09595978476340558,0.03690801717028241,0.052446760700709104,0.0012153322339451015
10000.0,0.000272279707725143,0.010933742468089902,0.02903075143140053,0.9184058142312003,0.029496923942805665,0.011618143513673698,0.00024234470510715376,0.0061560212194189225,0.05177694823241109,0.0352284695799822,0.09722574619348691,0.03660501433434677,0.05637826231136737,0.004986158881139037
12589.254117941662,0.00029529749291021343,0.011086467281675819,0.029166091378511026,0.9183561926027516,0.029124566140986113,0.011751552216630292,0.00021983288653892497,0.00814277663947326,0.05382760767799611,0.036368832742825555,0.09860875496814185,0.033129745797206005,0.058041825973803036,0.0029552870495150973
15848.93192461114,0.00026819101203547096,0.011561313707173894,0.029118957608276475,0.917941239405468,0.029480176638749262,0.011434952116749532,0.0001951695115495774,0.0075937071620851716,0.058261721840724305,0.03661906649243603,0.10178952949100661,0.036782197751621455,0.05702968922250342,0.001565705974743421
19952.62314968879,0.00025999498329278584,0.011564347144704158,0.029402656720500176,0.9178466375755212,0.02924779732246659,0.011468704941878837,0.00020986131163547246,0.005697569791352386,0.058452485708579034,0.0388570388642574,0.10228652259836243,0.03696139148402761,0.05586469470852081,0.002499106630661983
25118.864315095823,0.00027131517468176927,0.011014829945808848,0.029440064724509604,0.9172341705509145,0.029663743650441273,0.012155762364786854,0.00022011358885595748,0.005781513095851417,0.05515962494694638,0.039306510019541524,0.10442569611795971,0.03927482868792254,0.06119752447114745,0.003053401878875701
31622.776601683792,0.00020218734694248797,0.011150274143636854,0.029118317775955933,0.9183011049648154,0.029381426196068924,0.011657270632974557,0.00018941893960816545,0.002892987132074209,0.05587830186773522,0.03742996592314427,0.10021689820854375,0.03720008207303819,0.056383013571355715,0.0012449086332352436
39810.71705534969,0.00027972866542987996,0.011146065784446385,0.029285725430356627,0.9179780995561845,0.02950383265477596,0.011560587731472482,0.00024596017733350577,0.007113510392329791,0.056980158605454884,0.03715701186092882,0.10021954178731857,0.03484487984530014,0.05643099626630262,0.003888701867989389
50118.72336272725,0.00028693515618359486,0.011550889106879163,0.02949703305057003,0.9177995950856228,0.029280575754128915,0.011381008604444088,0.00020396324217273882,0.006329436199269845,0.056407149367934645,0.03828198291285691,0.09900988569428192,0.03543434191351683,0.05415033730213645,0.0019322262308625589
63095.7344480193,0.00023813733645858698,0.011505851692692713,0.029281582053762866,0.9176902488514331,0.029387804163946492,0.011689425184148599,0.00020695071755795743,0.005506488040371009,0.05779833137232463,0.0374342741198571,0.10098690443873913,0.033610985185685276,0.05884754529223006,0.0019264741421236439
79432.82347242821,0.0003062043072227508,0.010709884949005603,0.029284901613973124,0.9187730970903777,0.029031119459048065,0.01167702292757017,0.00021776965280139043,0.007918932019937059,0.05237742832031329,0.03832680353346065,0.09741177727265796,0.03341542115213073,0.056651316671112444,0.0034431312199399555
100000.0,0.00032095423404353404,0.010896082314600165,0.029470182787996173,0.9175868558086361,0.0295280567929856,0.012002991960468574,0.00019487610126840105,0.009259549077827412,0.053711062274530735,0.04005239312218923,0.10186300926083638,0.036923067896490164,0.05857641113241206,0.0012456947809660424
125892.54117941661,0.0002050327844576281,0.011075008193515723,0.02927870908920741,0.9183809149491622,0.029482246081479983,0.011333354047713734,0.000244734854463808,0.002628037758181296,0.05552021169321741,0.03709475521289648,0.09965959008918222,0.035872025883266184,0.056129566923855914,0.004732961892081489
158489.3192461114,0.0002654253795207591,0.011459283841248285,0.02916952644084272,0.9183181090948395,0.029495309588042303,0.011065045783098753,0.00022729987240421962,0.005203265608209533,0.0575803003019846,0.037056707214118176,0.09931768690068467,0.03699972061141604,0.05364589746379424,0.0039028687094089217
199526.2314968879,0.0002138717023523585,0.01172156283267788,0.029426795773133813,0.9176078204500876,0.029193830165687835,0.011610592473134333,0.00022552660292675267,0.0028795111362689904,0.05901475990078619,0.03910236692803245,0.10144386593398873,0.033288980565608924,0.05717970987502356,0.0034291800932796036
251188.6431509582,0.00027057316088299673,0.011611429406933951,0.02915436317282449,0.9178623866800927,0.0294073462878062,0.011464681560555657,0.00022921973090434664,0.005954413304087172,0.058913031463218794,0.034932719292077814,0.10056844168368591,0.035275862692357676,0.055352118178971295,0.003815966337538831
316227.7660168379,0.00026600897898435894,0.011815730424394438,0.029072888261272828,0.9175550234503697,0.02931500678182829,0.011728841045961877,0.00024650105719033124,0.006268750131739767,0.05928099312436772,0.0363435152756232,0.10127724904124473,0.034966491455235026,0.056789851115789595,0.005437690977821459
398107.1705534969,0.0002848477991176979,0.01083091315952238,0.028851870363252544,0.9183513672476807,0.02928233898963864,0.01219002191077772,0.00020864053000774598,0.0075115989022733545,0.05455475848134061,0.03475957527678109,0.10136087644242196,0.035401163974497094,0.06090995842235224,0.0021293533142151748
501187.2336272725,0.0002536087950590446,0.011158668980399616,0.02910800741317846,0.9185623056222727,0.029254822918406895,0.011446810319771735,0.00021577595091396508,0.005191435745896651,0.056244082126987546,0.03684635137042962,0.0980156872384266,0.03460529728692531,0.05485763994289368,0.0029157555959422104
630957.344480193,0.0001912910014850894,0.011001530427354087,0.028683237274980972,0.9191582931736071,0.029527856814631777,0.011230541670589806,0.00020724963735365673,0.0018921020170136723,0.05512881638736965,0.03351160456389512,0.09564936663907737,0.035671753343702775,0.05429308823869017,0.002565195344150657
794328.2347242822,0.0002513812070603708,0.011606618074015444,0.029589282977431564,0.917027395965032,0.029207647903501912,0.012086461527562037,0.00023121234539799976,0.005894127471786911,0.05880576587163998,0.039452494647461644,0.10403424373720303,0.03563023898123218,0.05939241477382861,0.0046398274602112615
1.0e6,0.0002745096665566472,0.010945103333818082,0.029084025523058776,0.9187578253546715,0.029401560595401752,0.011352017105745077,0.0001849584207478746,0.006491678784267335,0.05473796574605537,0.03567095952465891,0.09699090394392505,0.03572510365427415,0.05508009104814692,0.000982925459202477
1.258925411794166e6,0.00027573499085221904,0.011046685513337645,0.029253710450754304,0.917454799887541,0.029567443312257146,0.012196449621790378,0.00020517622346663466,0.006439089187858305,0.05415586417530965,0.038452493891360885,0.10196245343771135,0.0371306639068568,0.06050088301077589,0.0017177224778875068
1.5848931924611141e6,0.00028125285393889085,0.01085629727690076,0.028746432801205736,0.9184749532407372,0.02977265159562734,0.011642011616288478,0.00022640061530415607,0.006930904493837712,0.05408100727961371,0.0355061947230587,0.09790471701214826,0.03715591416606396,0.05587524679347853,0.0035271815334290014
1.9952623149688789e6,0.00024334099058307613,0.01106731506783769,0.029064655698237785,0.9188223599749373,0.029128103753682993,0.0114339053506022,0.00024031916412090956,0.005613144888968787,0.05628617255264306,0.038145759448989035,0.09974805798409879,0.034214435475641895,0.056643853654505034,0.004524100382790126
2.5118864315095823e6,0.0002796419615072274,0.011165695502191608,0.028768561311979624,0.9186640752106295,0.029468242060485525,0.011438251503893838,0.00021553244931267666,0.006077096502700629,0.05546289935881105,0.03484541167630208,0.0977965830530071,0.036999263680696726,0.054508533342636285,0.0024442952434012874
3.1622776601683795e6,0.00031933983351747924,0.011750768601879917,0.029136033149764533,0.917485269344231,0.02936405197592365,0.011729411782449,0.00021512531223653522,0.007770854590997672,0.060453888769694625,0.03817827308825303,0.1035675936304936,0.03518870357922763,0.05841397258501882,0.0037792806693474983
3.9810717055349695e6,0.0002116361189022837,0.010968443310759359,0.02921022849429892,0.9183334614016884,0.02956317105574015,0.011517876704905632,0.00019518291370641287,0.0026678326403758966,0.05458212321590627,0.03703554125889668,0.09943147101644448,0.037653035505858974,0.057666808322496835,0.0012981354017266055
5.011872336272725e6,0.00023327673912674942,0.011834188306528562,0.029412381141431163,0.9178096783379911,0.02928641752902364,0.011225752809805669,0.00019830513609356116,0.003851597571134764,0.05930682687751002,0.03810349243726437,0.10082617796361557,0.034265761315716556,0.055057328409272493,0.0017658101744827894
6.30957344480193e6,0.0002949046281130231,0.011680081110211312,0.028933842839226377,0.9182229072979484,0.02934238060238432,0.01131768197631404,0.00020820154580198993,0.007748471251817002,0.05783284720556745,0.03489908120448402,0.09870066019790516,0.03473040596827086,0.05463951039609399,0.002110167651241862
7.943282347242822e6,0.00029792444367343493,0.01102310260278743,0.028951868810861637,0.91850377114732,0.029318075705569966,0.011681257115413332,0.00022400017437408795,0.008948451976483083,0.055191379296713014,0.03524475329687477,0.09866516238268788,0.035487105378261725,0.05597361757843133,0.003517236469260596
1.0e7,0.00025485818185333426,0.010140254569564428,0.02925615335731894,0.919127215142185,0.02921787950677072,0.011811899187416508,0.00019174005489411107,0.006851090380543072,0.04958939388583633,0.03778712428773691,0.09682854156259425,0.03527052355566813,0.05685954401091124,0.0014944737197023982
1.2589254117941663e7,0.00024248695677334199,0.011566508904519357,0.029016473412914925,0.9181383865890953,0.029434294198616522,0.011386600713202227,0.00021524922487592212,0.004473179697949624,0.05841384976757151,0.03704469954780176,0.10043149784111591,0.035144700603386377,0.05658240729221151,0.003105913477727855
1.5848931924611142e7,0.00025558007113192375,0.010658491317607061,0.02907175866888838,0.9189641993938408,0.029285977074688156,0.01156774471032513,0.0001962487635171395,0.006564133291360049,0.05322463923798203,0.03730560734069691,0.09918373896357864,0.036602212003986855,0.05773025909470442,0.001534970578992536
1.9952623149688788e7,0.0002727598698073068,0.011620710755772392,0.029167884388470147,0.9177111141573385,0.02947127585694746,0.011523010441430377,0.0002332445302330648,0.006773091839455834,0.05881188490109057,0.03851405230563178,0.102050940861215,0.03603826808672407,0.05540607345343094,0.0032256753449211514
2.5118864315095823e7,0.0002688131437457352,0.010836443082560382,0.029304417827995487,0.91818656312751,0.029299031876620103,0.011863646997753993,0.0002410839438135573,0.007450235291315922,0.05330014808893393,0.03686544963231941,0.09893879003712709,0.0363753393917835,0.057222631786393745,0.005023881958603887
3.162277660168379e7,0.0002313475397541745,0.011050526917065007,0.029155207154867732,0.918313422886283,0.02952280731156715,0.011525874754484,0.00020081343598000282,0.004120453205392351,0.055074906256412426,0.03779295138926216,0.09907213108550193,0.036966253413957255,0.05616852148489523,0.002364514278333535
3.981071705534969e7,0.000288014740906142,0.011263071130226718,0.028910474336101968,0.9183218816555886,0.029527386027235907,0.011433832618631222,0.0002553394913092642,0.008021150003200406,0.056722660029874965,0.03558443049304187,0.10072814703017667,0.03819876646407909,0.05555039437082365,0.005516080089098732
5.011872336272725e7,0.00018018398300797165,0.010859373002996183,0.02909932693539959,0.9187952553774251,0.029180816343778625,0.011650170692308894,0.00023487366508597154,0.0014737749891676726,0.05456436399482287,0.03642683534643422,0.10017983775752985,0.03627718710907881,0.05846903669489594,0.005191316519246764
6.3095734448019296e7,0.0003043175215941232,0.011949365647486391,0.029347930413796842,0.9178294299744552,0.029148916434440016,0.011201026023521105,0.0002190139847083053,0.007470989006080144,0.06025355520241176,0.03669179533433735,0.10099983366874139,0.03622419405462311,0.05425189992877775,0.003113396637007515
7.943282347242822e7,0.00032564075540925395,0.011609916127253886,0.029512098349579716,0.9179127760940311,0.02930066423685416,0.011135171666345119,0.00020373277052704113,0.008655644556619222,0.05807860628799957,0.038455136992406304,0.09988671670937588,0.03537866647150482,0.05356114389346919,0.0018718107248578248
1.0e8,0.00021458557798735128,0.011458362272074139,0.029173615133231752,0.9180405138414658,0.029356531603889978,0.011553975815215726,0.00020241575613171264,0.0033889523746913315,0.057020354750225336,0.037312176956129255,0.10025541660605086,0.03777130972124198,0.05607675240814576,0.0017508348370412475
1.2589254117941661e8,0.00026076197780963787,0.011882967384495019,0.02915843233417782,0.9170567860802499,0.029536825508533836,0.011861181470439396,0.00024304524429558447,0.005766742706844324,0.0613583571788823,0.03848602944428064,0.10490178189311372,0.03694483094927024,0.05770096024084406,0.004478277127514978
1.584893192461111e8,0.0002564205982255383,0.011221253470646184,0.02912906495779087,0.918234581864926,0.02935624898100081,0.011612378394689838,0.00019005173272073627,0.0057700218038829795,0.053163675695527456,0.037989356186382266,0.09852186700642092,0.03548217917783142,0.0574803504503552,0.0014005022652747677
1.9952623149688828e8,0.0002369768591232918,0.010958760667446228,0.02906746649588004,0.918936896935707,0.02945751193991157,0.011099977489778201,0.0002424096121525375,0.0038857408857050674,0.05543989438237262,0.0340106880938415,0.09738803681571491,0.03604513387739218,0.05476233189871647,0.004410008718017206
2.511886431509582e8,0.00020897701710093883,0.011594594358326073,0.028760889485575477,0.9185616443714437,0.02945569266627222,0.011187379037943816,0.00023082306334089553,0.0025390707328609486,0.05872394712289873,0.03129535542091025,0.09865974113337489,0.038056561538732214,0.05479725547174278,0.003927560533177915
3.1622776601683795e8,0.0002729408414691842,0.010976821285777962,0.0292140907415279,0.9187248408429972,0.029357713140346006,0.011234393589206573,0.000219199558672354,0.007429817798358736,0.053645979179804466,0.038305430786295204,0.09784759635222323,0.03599845542555341,0.05522273607292091,0.0033061250406618346
3.981071705534969e8,0.00025287774341440587,0.011159539976033897,0.028935581970601438,0.9185596790102183,0.02938964884901495,0.01149021208918852,0.000212460361530386,0.005073743705897985,0.055316697429848016,0.03480165310289965,0.09950283125888265,0.03739790266994214,0.055653018022617476,0.0018908906836254667
5.011872336272715e8,0.0002520049541891364,0.011286273551270456,0.029048274847845692,0.9182934373562819,0.029320474884819467,0.011589087988875561,0.00021044641671779204,0.0057360004329435775,0.055165522372655325,0.03579382736097185,0.09823306593867788,0.0355178909662319,0.05682262659728072,0.0026118137349157105
6.309573444801943e8,0.00024828861907389517,0.011125476849290092,0.029146003526731773,0.9181542267629378,0.029441967964332842,0.011687555593364474,0.00019648068427054958,0.005522289060976279,0.05462019234386331,0.03729020066347823,0.09930278312141501,0.03695753626438085,0.05666061823979355,0.0015238767416046177
7.943282347242821e8,0.0003178484485184145,0.011401675267449318,0.029112903946776528,0.9179517935657533,0.029566749875724375,0.011393263639818518,0.0002557652559585151,0.00924624400943476,0.05649682971623304,0.036463079069710164,0.09932722410536557,0.03754248737128084,0.05466351168503847,0.0053123492171757575
1.0e9,0.0002586013297592869,0.011502324753472933,0.029441309613936407,0.9177128838788245,0.02939142610420821,0.01150253601702955,0.00019091830277276863,0.005664720485215888,0.0581258842154645,0.038894024884027746,0.1012166201746138,0.03423227344904432,0.05601045312373618,0.001288849637019374
1.258925411794166e9,0.000282456706519974,0.011274708876723685,0.029250021388478757,0.9184514014372637,0.029045614802574813,0.011466639710416273,0.00022915707802022455,0.006492617068246863,0.056445996231260544,0.03819941847316606,0.10007830161908336,0.0342130791186905,0.056392408932530017,0.004683639173364022
1.5848931924611108e9,0.00026569046935009136,0.011159675199249822,0.02905558238437635,0.9181794821906184,0.02928622180341505,0.011842035228925013,0.00021131272406810692,0.0061520336884259876,0.05502396317522194,0.035707272139859914,0.09867660915052415,0.03588000385541218,0.05786221782364231,0.001670862346846908
1.9952623149688828e9,0.00023605630737052717,0.010991526220727868,0.02938948901598044,0.91808905699259,0.029439328057437677,0.011601699859188451,0.0002528435467058549,0.005610436272174786,0.054148345215901526,0.03857061007811799,0.09921630609696931,0.03634833789945866,0.05620131483439333,0.0052132074242885774
2.511886431509582e9,0.0002461760944028158,0.01150196907576301,0.029097781696992273,0.9185492263204975,0.029262018365740255,0.011154249253597762,0.00018857919300752546,0.007215951334057492,0.05831634559128293,0.03501286654001009,0.09907112901215923,0.0368724924589168,0.053703040088472764,0.0014390512501336894
3.1622776601683793e9,0.00021482050214298584,0.010851547970032927,0.02936318842865885,0.918244285444819,0.02963281256851018,0.011481178391156087,0.00021216669468159894,0.0030946255089138093,0.053752194882415776,0.04041846128163232,0.09972034822113973,0.03841496415071435,0.05557342361855301,0.0020953723448530544
3.9810717055349693e9,0.00024556962268005195,0.01101970973684025,0.029194674755015353,0.9194022831750909,0.029131593033514303,0.010789789571321467,0.00021638010553842708,0.004674882404474236,0.055813435437034944,0.036627330762791566,0.0951276842815257,0.03153950042885657,0.052356171614507646,0.0032362504524564868
5.011872336272715e9,0.0002698713307933492,0.011370632621962069,0.029233764163214288,0.9179276022899846,0.029486642026457333,0.011514735514607195,0.0001967520529801171,0.006703384416443106,0.05653556164330456,0.03654740469379775,0.09936008590086799,0.0353944904999755,0.056144548176847976,0.002051608568173776
6.309573444801943e9,0.00029459508378388015,0.011394726998375394,0.029439867356489208,0.9172525117418558,0.029459486377940252,0.01195863030166416,0.00020018213989189836,0.007050442450796058,0.055709702413654895,0.03837823827405565,0.10237702400812125,0.03720675463623958,0.05919812341182464,0.0016652608813247781
7.943282347242822e9,0.0002615141275473547,0.01084411243222747,0.02886348028512086,0.9194392735840053,0.029347196398511324,0.011049711538551625,0.0001947116340355866,0.0059838144299178405,0.05337260712098858,0.03474298295231792,0.09479299293615817,0.035520290630344155,0.053323417894731336,0.0016296818863336083
1.0e10,0.00031705427038561254,0.01195406028850183,0.02923256523196149,0.916919268050057,0.029412524225336887,0.011929586615631257,0.0002349413181306953,0.008149181169565681,0.060434813190041826,0.038618919274032014,0.10537621220346012,0.03725312583214821,0.05826455089112965,0.003841119126667305
1.2589254117941662e10,0.00024209726796804048,0.011945689726376121,0.029790067891772992,0.9167595043690823,0.029295692282554433,0.011734304614245347,0.00023264384800296967,0.00355838670560457,0.05962333189201212,0.04099566771480149,0.1033512360182271,0.03395795548569896,0.05706310765377065,0.004072851505215884
1.5848931924611109e10,0.0002649067756672971,0.011536347266251345,0.028906510703701805,0.9182563666580278,0.029252103456139596,0.011560566614040466,0.00022319852616938682,0.005250843801986757,0.0588692143048415,0.03449877711443268,0.09938785132938947,0.03309697376179484,0.056354796376652055,0.004101767231876628
1.9952623149688828e10,0.00024388536946215908,0.010973026008648409,0.02930948733520209,0.9192428392629538,0.02921258831721025,0.010817034989223007,0.00020113871730324833,0.004680633667111272,0.055410818612044006,0.03801143802509471,0.09843498977288231,0.037478310796600536,0.05199023814848067,0.001754588309710221
2.511886431509582e10,0.00023922197269142086,0.011174545624034596,0.028962216009899646,0.9191630339549165,0.029322078776332215,0.010944555064172372,0.0001943485979509255,0.003948300557072999,0.05583924164047423,0.036786443491812225,0.0969499147402762,0.03585550618894748,0.05301252118230586,0.0016850156660812663
3.1622776601683792e10,0.00022908742554668537,0.010990732305590821,0.02890924760527773,0.9188164019875477,0.029583596363350406,0.011276616383120976,0.0001943179295655206,0.003913941009662643,0.05550187132469514,0.035973447591365545,0.09799436417716835,0.036558686601287,0.05480196550498133,0.0014333438844602766
3.981071705534969e10,0.0002763000612799376,0.011127117034226891,0.028947982960154058,0.918753094268045,0.029207761093567406,0.011460510444307266,0.00022723413842234817,0.007554174067795233,0.05520947764935695,0.03342229861299591,0.09656374624533558,0.03425849353433299,0.05677530070904839,0.0039048191874217577
5.011872336272715e10,0.00028461839367428977,0.011083236249578026,0.02889700574618386,0.9184711612545615,0.029406688896857176,0.011656463062006671,0.00020082639713900598,0.00804257525245275,0.055620127226448386,0.03635226801698739,0.09857899664898659,0.0350611766249551,0.05734176794206196,0.0014991615408904613
6.3095734448019424e10,0.0001814022675522126,0.011238996640569232,0.02890716398459573,0.9184994241372701,0.0291631747157424,0.011784937753313232,0.0002249005009558242,0.0011922937067511228,0.05507158221514667,0.03494478071368082,0.09723193158549442,0.03477181754023539,0.056958899579834306,0.0036086380771919962
7.943282347242822e10,0.00021168975161625194,0.011363340495805454,0.02954081174445509,0.9174458442163418,0.02952711799333468,0.011693993307258638,0.0002172024911887674,0.002805978634663496,0.056455716551243595,0.03716650344380912,0.09998077096682347,0.034941471797073395,0.05678982667794989,0.0031647302666012508
1.0e11,0.0002630511507778602,0.011157575749106563,0.029203419398157838,0.9181726006239255,0.02922737212327864,0.011756859810492168,0.00021912114426298946,0.0054306743491507525,0.0564104346051512,0.03614649058690529,0.10021555698124522,0.03522772709464664,0.057832129552184385,0.0034293826047559327
1.2589254117941661e11,0.00023249010702636088,0.011149769396219573,0.02948427410311939,0.9183430656445982,0.02925391674202863,0.011332109614091639,0.00020437439291549222,0.005359006772351805,0.05372943113327252,0.03725079803162806,0.09709303526363662,0.0340762535786383,0.055579665772700945,0.0022567975806957845
1.5848931924611108e11,0.0003058658291995304,0.011084819441869495,0.029243101882802817,0.9181934373211819,0.029419291771650428,0.011520196883378993,0.00023328686991370344,0.008757885000146608,0.05457388400779405,0.03682113312371742,0.09801718965921516,0.03763628441866429,0.05428140470247838,0.005227073169755604
1.9952623149688828e11,0.0002762572702380183,0.011864198741724005,0.02935559400006835,0.9170434259218151,0.029432185450255496,0.011834275533040773,0.0001940630828572729,0.007622645303240512,0.058635795245266964,0.039898998465394415,0.10410110068833892,0.03504574531925878,0.0580839181368569,0.001461281278773172
2.5118864315095822e11,0.0002020364936802016,0.010956034586060625,0.02973926149277065,0.9178907140368883,0.029636516763993988,0.011349046141297179,0.00022639048531058234,0.0024877754365645994,0.05452428318420736,0.04141541934084129,0.09964984918117012,0.03629630717380225,0.0539446713200036,0.0030234931416652762
3.1622776601683795e11,0.0002824595984953724,0.011223890290054092,0.02900631174544801,0.9180582862791883,0.029517463982011008,0.011685758656795641,0.0002258294480084367,0.006014567948039025,0.056484831940121265,0.03582093365716987,0.09996585849641255,0.03687168696138021,0.056146883469341255,0.002685164710620019
3.9810717055349695e11,0.00028889707705612183,0.01171545220464478,0.029037903781985144,0.9176920445007183,0.029264818769416986,0.011783838603555277,0.00021704506262296304,0.0077118308279536,0.05890023134956544,0.03573602175223385,0.10179963092844554,0.035697179438591964,0.05835692207656242,0.0021795367827102444
5.011872336272715e11,0.0002572462258288129,0.01111606897572396,0.029268835280326762,0.9184118610809939,0.029408618368507177,0.01134848726992364,0.00018888279869455727,0.005042259604464047,0.055908546275017845,0.03919803674941424,0.09942255185726688,0.036408494729691654,0.05570185629812408,0.0012385226116940844
6.309573444801943e11,0.0003321772908131847,0.01164583597818679,0.02923531299858695,0.9181877557051997,0.029232962430314847,0.011152865834524142,0.00021308976237805334,0.008743339558266335,0.05816428236711281,0.038351449161580425,0.09995541581983941,0.035709773878075605,0.05321884960606955,0.0037352863563264605
7.943282347242821e11,0.0002757415040154402,0.011315165447875506,0.02894328011291135,0.9188331255845723,0.029065360881151112,0.011352128189088113,0.00021519828038823772,0.00621574493409568,0.057237040487098,0.035492701604999205,0.09912726723286548,0.03340708184239006,0.05553481074770876,0.003399165443207265
1.0e12,0.00024622870369233544,0.010882346988105304,0.029016957773237345,0.9186199088772521,0.0297228234414428,0.011288549121622445,0.00022318509464950916,0.005190338316559804,0.05388609798870503,0.03556148618109399,0.0989917690799072,0.039373930199882216,0.05568042981881189,0.004100744152840685
